loan_id,loan_amount,tenure_months,interest_rate,borrower_age,monthly_income,actual_default,model_flag,risk_score
LN-1000,38700,12,15.33,47,34000.0,N,true,0.6028
LN-1001,88800,24,14.78,51,36000.0,N,FALSE,0.0868
LN-1002,68500,36,18.0,33,23400.0,FALSE,Y,0.348
LN-1003,46000,24,13.44,26,16800.0,0,yes,0.3244
LN-1004,77900,24,14.62,-1,38100.0,0,yes,0.5077
LN-1005,53100,18,10.19,60,23600.0,false,0,0.0685
LN-1006,50300,24,13.97,43,43400.0,0,true,0.5498
LN-1007,95400,24,16.25,33,40500.0,FALSE,No,0.2271
LN-1008,106000,18,11.71,29,36900.0,N,Yes,0.3265
LN-1009,64000,36,12.37,53,,N,0,0.2651
LN-1010,"Rs 76,300",12,18.31,28,36800.0,0,no,0.0402
LN-1011,135400,12,22.5,58,34500.0,Y,true,0.9529
LN-1012,82000,12,9.16,59,not disclosed,FALSE,false,0.2526
LN-1013,57300,12,13.55,26,31000.0,no,N,0.2386
LN-1014,64800,24,18.23,39,17900.0,no,no,0.2222
LN-1015,94600,24,16.11,57,23400.0,true,yes,0.8133
LN-1016,57900,18,13.95,39,44200.0,false,false,0.0186
LN-1017,63300,12,14.58,52,46700.0,0,N,0.257
LN-1018,85000,36,17.77,55,31500.0,FALSE,no,0.2899
LN-1019,45100,48,14.64,46,25000.0,No,TRUE,0.4159
LN-1020,70300,36,13.41,58,56500.0,no,no,0.2974
LN-1021,37500,24,14.44,42,50000.0,FALSE,true,0.3671
LN-1022,43000,36,16.06,37,41300.0,no,No,0.0628
LN-1023,94400,18,16.6,38,31000.0,false,TRUE,0.5912
LN-1024,111800,18,13.4,59,41600.0,N,true,0.7168
LN-1025,108100,12,16.5,41,36100.0,N,TRUE,0.4876
LN-1026,59900,18,13.34,26,35600.0,0,no,0.1534
LN-1027,116700,18,14.75,30,25500.0,no,no,0.2859
LN-1028,62900,12,15.77,43,34400.0,FALSE,no,0.1993
LN-1029,56200,18,14.12,55,42300.0,FALSE,yes,0.3968
LN-1030,97300,18,19.16,59,20000.0,FALSE,1,0.3885
LN-1031,89600,36,16.63,24,15100.0,no,FALSE,0.0817
LN-1032,30500,18,12.74,32,22900.0,FALSE,TRUE,0.5022
LN-1033,87300,48,15.59,41,53900.0,0,N,0.2227
LN-1034,53900,24,14.59,61,11600.0,N,true,0.5162
LN-1035,58300,18,15.13,41,18500.0,0,false,0.2079
LN-1036,49200,48,14.62,55,51000.0,FALSE,FALSE,0.0742
LN-1037,104200,12,16.45,35,26200.0,No,0,0.1007
LN-1038,117600,48,16.23,28,50500.0,No,yes,0.3893
LN-1039,107900,18,13.71,31,28100.0,FALSE,true,0.379
LN-1040,74100,48,12.57,26,60600.0,FALSE,TRUE,0.4641
LN-1041,53400,36,16.88,59,23900.0,FALSE,false,0.1611
LN-1042,85400,18,16.97,54,48100.0,false,N,0.1951
LN-1043,52900,18,15.87,23,32400.0,no,yes,0.5473
LN-1044,89500,18,16.3,46,54400.0,N,yes,0.3231
LN-1045,57800,18,15.91,45,21900.0,0,false,0.0044
LN-1046,"Rs 36,300",18,15.12,40,36200.0,FALSE,yes,0.4428
LN-1047,51000,18,14.05,56,,no,Y,0.3463
LN-1048,102900,18,17.25,54,22100.0,0,N,0.0337
LN-1049,50900,18,10.9,45,36800.0,false,N,0.1213
LN-1050,64800,12,12.04,56,22100.0,No,no,0.2461
LN-1051,24800,48,13.58,24,20400.0,false,TRUE,0.4609
LN-1052,70300,18,14.04,30,31300.0,,no,0.0387
LN-1053,45400,18,13.54,60,31600.0,No,1,0.6982
LN-1054,"Rs 56,600",24,11.39,39,36100.0,0,true,0.3828
LN-1055,46600,24,17.0,37,45600.0,no,Yes,0.4949
LN-1056,98100,24,14.75,51,30900.0,false,no,0.2293
LN-1057,88400,12,16.95,47,14000.0,N,1,0.3436
LN-1058,85600,12,14.4,49,36900.0,FALSE,FALSE,0.2117
LN-1059,67000,18,15.06,33,43700.0,FALSE,1,0.4141
LN-1060,84500,36,12.12,27,43600.0,FALSE,0,0.1294
LN-1061,76500,48,15.2,26,30300.0,No,false,0.3043
LN-1062,79800,12,14.83,25,30000.0,FALSE,No,0.1547
LN-1063,77300,36,18.99,45,59900.0,0,true,0.5527
LN-1064,63500,48,13.46,41,32800.0,N,N,0.0644
LN-1065,99700,18,14.78,54,36400.0,no,false,0.2855
LN-1066,92000,18,14.02,31,47100.0,no,Y,0.3637
LN-1067,76100,18,17.88,31,57800.0,0,N,0.0184
LN-1068,89000,18,17.4,22,39800.0,Y,TRUE,0.7998
LN-1069,101200,12,15.19,31,30200.0,yes,,0.8934
LN-1070,75400,18,16.68,49,24800.0,false,No,0.0215
LN-1071,66900,24,13.64,61,34700.0,FALSE,FALSE,0.1943
LN-1072,107700,18,18.09,55,33000.0,false,No,0.0196
LN-1073,77800,18,16.23,49,42800.0,false,no,0.2518
LN-1074,81900,18,14.29,31,31400.0,false,no,0.0868
LN-1075,68400,24,15.53,32,30900.0,false,1,0.4393
LN-1076,68000,12,13.46,40,55300.0,no,N,0.2519
LN-1077,78000,24,16.07,43,24500.0,false,TRUE,0.6763
LN-1078,104700,24,13.83,46,32300.0,FALSE,Yes,0.3628
LN-1079,57500,18,17.89,41,16500.0,No,N,0.0657
LN-1080,33200,48,11.53,42,42200.0,no,yes,0.4718
LN-1081,88700,12,11.89,44,46700.0,0,No,0.072
LN-1082,72300,12,11.06,26,41900.0,true,Yes,0.8216
LN-1083,110100,36,16.97,,51500.0,Y,TRUE,0.918
LN-1084,59600,24,12.94,47,37700.0,N,Y,0.3972
LN-1085,73300,24,13.69,38,13600.0,FALSE,false,0.1868
LN-1086,38700,12,17.08,53,45200.0,no,0,0.2106
LN-1087,79900,24,17.07,30,52700.0,no,no,0.0978
LN-1088,76600,18,17.86,26,31900.0,N,TRUE,0.5782
LN-1089,42400,48,14.5,29,39100.0,false,yes,0.3996
LN-1090,87100,24,14.66,57,20300.0,false,Yes,0.3624
LN-1091,52600,24,15.11,33,47100.0,N,No,0.2443
LN-1092,61200,18,13.07,59,,No,,0.1288
LN-1093,76300,36,15.14,45,24600.0,N,Y,0.3428
LN-1094,56900,18,11.08,45,36800.0,No,true,0.3541
LN-1095,"Rs 84,300",24,13.4,34,39500.0,false,0,0.0752
LN-1096,65700,48,17.59,56,31700.0,N,N,0.2066
LN-1097,101500,48,13.94,60,42300.0,FALSE,0,0.1117
LN-1098,111100,18,14.72,53,29400.0,0,N,0.0646
LN-1099,82900,18,16.93,32,36200.0,no,Yes,0.4397
LN-1100,74700,24,15.91,54,20900.0,Y,Y,0.6282
LN-1101,31100,18,16.22,59,42000.0,no,false,0.2848
LN-1102,57100,18,17.67,59,48800.0,No,true,0.7971
LN-1103,71100,24,19.21,47,not disclosed,No,true,0.3646
LN-1104,52500,18,12.99,59,52400.0,no,yes,0.3524
LN-1105,66300,24,17.34,37,41300.0,FALSE,no,0.1948
LN-1106,108000,24,18.22,28,25200.0,FALSE,true,0.3556
LN-1107,64000,36,12.34,34,37400.0,no,No,0.3007
LN-1108,92900,36,18.73,53,39700.0,No,Y,0.6228
LN-1109,113100,24,18.15,25,20900.0,FALSE,No,0.1291
LN-1110,85000,24,18.44,48,39900.0,TRUE,TRUE,0.7393
LN-1111,47200,18,15.85,21,26700.0,no,N,0.1221
LN-1112,73100,18,15.22,40,34000.0,0,Y,0.5968
LN-1113,83200,18,17.42,58,37500.0,false,1,0.4483
LN-1114,48800,24,13.31,33,11100.0,N,true,0.3816
LN-1115,47300,24,13.29,52,21100.0,FALSE,1,0.3769
LN-1116,63400,18,16.46,-1,37500.0,No,No,0.0463
LN-1117,"Rs 77,800",24,18.79,48,39100.0,FALSE,false,0.2821
LN-1118,106900,18,15.06,60,46500.0,No,Y,0.3605
LN-1119,56500,12,16.34,53,24500.0,No,true,0.6301
LN-1120,64600,48,17.36,34,28800.0,0,no,0.1529
LN-1121,72200,24,13.82,48,50000.0,No,N,0.2819
LN-1122,42000,18,13.46,46,27200.0,N,0,0.0994
LN-1123,42800,18,14.17,59,32000.0,FALSE,no,0.2407
LN-1124,83300,12,17.95,28,33300.0,false,true,0.4642
LN-1125,68900,18,14.65,43,52100.0,0,false,0.2642
LN-1126,97200,24,15.6,54,36000.0,no,No,0.1524
LN-1127,59500,18,14.08,48,42500.0,false,0,0.0782
LN-1128,78600,18,11.26,21,61200.0,No,TRUE,0.5265
LN-1129,106900,24,18.23,35,43900.0,No,false,0.1969
LN-1130,83200,12,14.97,22,45400.0,0,false,0.1217
LN-1131,101600,12,15.89,34,27600.0,N,true,0.547
LN-1132,87800,48,18.61,39,55600.0,No,false,0.0639
LN-1133,"Rs 70,400",48,16.99,56,10000.0,0,Y,0.3833
LN-1134,68900,18,15.1,55,22500.0,N,No,0.1815
LN-1135,55600,18,13.43,28,24400.0,FALSE,no,0.1958
LN-1136,85500,36,14.7,35,24800.0,false,N,0.2467
LN-1137,68000,48,14.57,30,23100.0,false,0,0.0977
LN-1138,85300,48,11.5,26,36600.0,No,true,0.3981
LN-1139,64500,24,13.79,32,37600.0,N,No,0.0757
LN-1140,79100,24,14.85,41,41600.0,0,FALSE,0.3015
LN-1141,66700,24,17.29,32,39700.0,false,true,0.5035
LN-1142,80000,24,17.6,36,32500.0,Y,Yes,0.9214
LN-1143,84500,24,17.32,33,37500.0,No,true,0.4238
LN-1144,46700,24,14.87,60,37700.0,FALSE,,0.2106
LN-1145,61100,48,10.96,,29900.0,false,false,0.1869
LN-1146,97000,18,17.14,53,26600.0,N,true,0.3323
LN-1147,105600,24,13.07,61,34800.0,false,FALSE,0.0953
LN-1148,55500,48,14.63,51,39300.0,false,yes,0.5621
LN-1149,"Rs 58,600",48,13.22,,40300.0,N,TRUE,0.4384
LN-1150,73100,18,16.18,48,31900.0,FALSE,TRUE,0.4353
LN-1151,74200,24,12.82,31,33000.0,N,yes,0.3407
LN-1152,50900,18,16.44,47,31100.0,1,,0.4996
LN-1153,67200,24,17.83,44,38000.0,N,1,0.3312
LN-1154,122200,18,9.26,47,29200.0,0,no,0.1085
LN-1155,95300,24,14.79,49,40100.0,FALSE,no,0.0982
LN-1156,91900,12,16.23,44,46500.0,no,Yes,0.3284
LN-1157,56300,12,17.69,48,42100.0,false,0,0.0643
LN-1158,51100,18,12.48,38,33000.0,No,1,0.3494
LN-1159,"Rs 85,600",24,14.73,33,17700.0,0,false,0.1109
LN-1160,94000,18,12.81,49,25800.0,0,Yes,0.5418
LN-1161,86300,18,18.69,21,41400.0,Y,Yes,0.4134
LN-1162,75000,24,18.23,46,24400.0,0,0,0.2814
LN-1163,83100,36,18.66,38,39000.0,false,TRUE,0.731
LN-1164,66500,18,12.5,34,32200.0,No,false,0.3022
LN-1165,43400,24,14.94,31,12800.0,FALSE,1,0.4537
LN-1166,67100,24,15.58,25,42300.0,no,1,0.4097
LN-1167,"Rs 126,200",48,16.69,43,42100.0,Yes,Y,0.7847
LN-1168,67900,24,11.12,31,33100.0,FALSE,yes,0.3334
LN-1169,79600,18,15.9,53,36200.0,N,TRUE,0.4395
LN-1170,26000,12,17.98,52,31400.0,0,TRUE,0.501
LN-1171,31000,12,16.68,40,49300.0,0,Y,0.7323
LN-1172,99800,18,10.87,37,35000.0,No,Yes,0.6539
LN-1173,44100,36,15.21,22,53400.0,N,0,0.1763
LN-1174,105700,24,15.49,48,39400.0,N,true,0.4118
LN-1175,31800,36,18.55,60,13200.0,FALSE,,0.3707
LN-1176,46500,36,13.83,33,42100.0,false,true,0.4154
LN-1177,59400,36,17.32,21,46400.0,N,false,0.2896
LN-1178,77500,12,13.87,33,21400.0,N,0,0.2592
LN-1179,116800,12,13.46,22,36100.0,N,false,0.1423
LN-1180,95900,18,17.12,44,65800.0,Yes,true,0.8651
LN-1181,113700,36,22.82,61,44900.0,1,Y,0.8715
LN-1182,59000,24,16.24,39,23300.0,false,true,0.7128
LN-1183,76800,18,13.96,36,19400.0,FALSE,false,0.0905
LN-1184,47100,18,13.76,40,39800.0,no,false,0.1999
LN-1185,69400,48,16.74,23,30100.0,false,0,0.0682
LN-1186,56800,24,16.29,22,57300.0,,Y,0.8561
LN-1187,73300,24,14.4,25,42000.0,false,no,0.1988
LN-1188,100400,48,15.38,45,27600.0,no,0,0.1565
LN-1189,117600,12,12.98,42,34000.0,false,true,0.3591
LN-1190,64900,12,13.37,42,42200.0,FALSE,FALSE,0.1433
LN-1191,77100,36,17.66,58,41700.0,0,TRUE,0.3315
LN-1192,104900,24,17.34,37,23700.0,no,No,0.0352
LN-1193,111800,24,13.44,49,23500.0,no,0,0.1362
LN-1194,88400,12,17.12,59,23600.0,false,0,0.1264
LN-1195,"Rs 71,200",24,13.51,61,33900.0,N,false,0.018
LN-1196,"Rs 64,900",12,10.05,47,33300.0,No,no,0.0466
LN-1197,94600,24,15.99,57,17000.0,yes,TRUE,0.7251
LN-1198,103300,18,13.45,61,49400.0,N,N,0.1967
LN-1199,35500,24,17.17,48,42500.0,no,,0.6885
LN-1200,126200,12,14.59,36,40800.0,0,N,0.0109
LN-1201,83800,24,18.38,25,45000.0,FALSE,N,0.234
LN-1202,63300,24,14.1,37,39600.0,N,0,0.0387
LN-1203,59700,48,11.92,50,27100.0,0,Yes,0.7803
LN-1204,41400,18,12.13,58,38400.0,no,N,0.0738
LN-1205,72500,18,19.2,41,30400.0,0,N,0.2262
LN-1206,93000,24,12.86,40,32100.0,FALSE,TRUE,0.3661
LN-1207,85100,12,14.34,41,33000.0,No,no,0.2633
LN-1208,51500,12,15.51,57,34000.0,N,false,0.0299
LN-1209,"Rs 94,600",18,19.55,25,50100.0,true,TRUE,0.8397
LN-1210,81000,24,16.56,55,36100.0,false,Y,0.6103
LN-1211,50500,18,13.82,43,41800.0,No,no,0.1464
LN-1212,38500,12,15.0,58,32300.0,false,1,0.3982
LN-1213,80800,12,20.6,38,32900.0,1,TRUE,0.873
LN-1214,76900,24,16.04,23,35300.0,No,false,0.1736
LN-1215,85000,12,19.01,52,43100.0,Y,Yes,0.7336
LN-1216,91300,24,15.24,30,38600.0,No,false,0.0409
LN-1217,78200,24,13.76,30,34300.0,N,1,0.4419
LN-1218,74900,24,19.18,43,47000.0,No,No,0.2216
LN-1219,63900,18,16.42,54,23600.0,N,TRUE,0.3586
LN-1220,58200,24,11.09,25,-1,N,0,0.2376
LN-1221,89400,18,14.65,36,31300.0,0,No,0.0431
LN-1222,88700,18,11.15,58,36900.0,N,TRUE,0.3787
LN-1223,99100,12,12.17,52,28000.0,0,TRUE,0.4044
LN-1224,69300,36,15.97,51,35500.0,no,No,0.188
LN-1225,56100,48,17.62,43,35800.0,No,Yes,0.4943
LN-1226,80700,18,15.32,35,51900.0,no,false,0.2053
LN-1227,67500,24,14.55,27,35700.0,N,N,0.2264
LN-1228,66200,12,17.76,52,23200.0,false,0,0.2799
LN-1229,68200,24,13.56,50,27300.0,FALSE,N,0.254
LN-1230,57000,24,15.38,47,39200.0,N,No,0.1873
LN-1231,"Rs 88,900",36,18.04,-1,21500.0,false,No,0.2519
LN-1232,84500,24,13.63,21,60600.0,No,No,0.1008
LN-1233,101000,18,10.4,45,26300.0,N,true,0.3306
LN-1234,82200,18,15.43,33,56600.0,false,FALSE,0.3102
LN-1235,90600,24,13.76,25,24400.0,0,Y,0.3731
LN-1236,62400,18,15.55,42,36500.0,,no,0.1772
LN-1237,105100,18,15.23,25,26600.0,false,false,0.149
LN-1238,107900,18,16.74,-1,36000.0,0,false,0.1989
LN-1239,52700,24,14.8,59,31300.0,0,Yes,0.762
LN-1240,97000,24,16.09,25,52300.0,N,TRUE,0.3523
LN-1241,73600,48,17.46,24,29600.0,No,false,0.0232
LN-1242,100200,12,17.93,29,16100.0,No,false,0.1722
LN-1243,82700,48,15.41,26,,no,0,0.257
LN-1244,83700,18,15.08,47,16200.0,0,yes,0.4635
LN-1245,145100,36,18.26,24,21100.0,true,true,0.6115
LN-1246,62600,18,13.23,24,41000.0,0,N,0.2256
LN-1247,76400,36,21.71,41,21100.0,1,1,0.9215
LN-1248,81300,18,18.64,59,18900.0,No,N,0.0935
LN-1249,105000,18,17.08,60,35000.0,no,TRUE,0.3644
LN-1250,93800,24,12.79,43,52700.0,N,true,0.3354
LN-1251,83900,36,18.95,25,51400.0,no,0,0.1575
LN-1252,96000,36,14.94,23,20500.0,Yes,Yes,0.8712
LN-1253,63700,12,14.99,33,31200.0,No,false,0.2388
LN-1254,74700,24,17.84,33,29400.0,FALSE,0,0.2276
LN-1255,62100,12,17.9,32,47400.0,no,false,0.2287
LN-1256,63800,24,16.26,21,21500.0,N,false,0.2792
LN-1257,64000,48,12.48,26,24800.0,No,1,0.4581
LN-1258,71400,24,18.49,34,35400.0,No,yes,0.7379
LN-1259,29300,18,12.73,45,34100.0,N,0,0.2895
LN-1260,72300,24,11.55,45,,FALSE,Yes,0.4974
LN-1261,20200,12,12.7,54,not disclosed,FALSE,FALSE,0.2369
LN-1262,76900,24,16.14,51,38400.0,FALSE,TRUE,0.3687
LN-1263,90400,24,18.71,36,13000.0,0,FALSE,0.2541
LN-1264,97700,18,18.44,51,26900.0,N,TRUE,0.3636
LN-1265,101500,36,10.42,31,37700.0,N,0,0.0135
LN-1266,35800,36,14.99,48,18900.0,No,FALSE,0.2502
LN-1267,99900,24,20.14,53,20300.0,Yes,1,0.7907
LN-1268,91800,12,14.68,51,44100.0,N,N,0.125
LN-1269,77700,18,16.17,35,51900.0,FALSE,N,0.0813
LN-1270,61800,48,16.7,32,14700.0,no,true,0.5781
LN-1271,60100,18,16.03,54,45200.0,No,FALSE,0.1002
LN-1272,68800,18,19.07,51,29900.0,0,N,0.012
LN-1273,55900,12,14.57,-1,46900.0,false,true,0.6284
LN-1274,104500,36,13.25,36,37900.0,FALSE,N,0.2111
LN-1275,48400,24,15.23,24,32000.0,false,TRUE,0.4278
LN-1276,49200,24,14.91,34,38700.0,no,No,0.0563
LN-1277,72600,12,13.54,44,55600.0,0,N,0.1753
LN-1278,72600,36,14.63,49,23500.0,No,N,0.01
LN-1279,81500,24,13.7,24,41800.0,FALSE,Yes,0.3536
LN-1280,"Rs 58,300",18,12.4,,46900.0,FALSE,TRUE,0.4398
LN-1281,"Rs 126,100",24,18.84,55,25600.0,N,1,0.4073
LN-1282,50400,24,18.7,61,56600.0,N,TRUE,0.4054
LN-1283,71900,48,14.94,42,10000.0,no,No,0.1598
LN-1284,123300,24,15.38,55,31500.0,N,TRUE,0.3643
LN-1285,62000,18,14.09,54,67500.0,N,0,0.1587
LN-1286,39000,18,14.52,50,42800.0,N,Y,0.3936
LN-1287,57800,36,16.39,56,23200.0,1,TRUE,0.7637
LN-1288,143800,48,21.17,56,50700.0,Yes,true,0.3561
LN-1289,112500,36,13.08,35,52800.0,no,TRUE,0.347
LN-1290,111800,12,17.66,30,28300.0,N,N,0.136
LN-1291,100000,18,12.73,45,,0,N,0.0483
LN-1292,97700,18,14.84,53,28300.0,FALSE,no,0.1523
LN-1293,141500,18,15.08,50,37500.0,N,no,0.2765
LN-1294,39300,24,18.83,30,29500.0,false,Y,0.436
LN-1295,46100,24,14.87,60,41600.0,false,FALSE,0.3162
LN-1296,"Rs 82,600",18,14.48,27,44700.0,N,false,0.0085
LN-1297,59800,18,14.45,54,47300.0,No,false,0.2498
LN-1298,77000,36,16.09,41,23500.0,0,No,0.1193
LN-1299,122200,12,14.81,41,29100.0,,FALSE,0.2911
LN-1300,89600,24,13.25,41,18400.0,FALSE,false,0.1611
LN-1301,"Rs 97,600",18,17.46,39,27800.0,No,1,0.5013
LN-1302,38500,48,15.46,45,39500.0,FALSE,false,0.2176
LN-1303,51200,18,15.91,41,25500.0,No,1,0.3233
LN-1304,88400,18,12.91,57,18700.0,false,Yes,0.4193
LN-1305,96900,18,15.72,28,10000.0,no,FALSE,0.3015
LN-1306,88100,18,16.23,43,43200.0,No,yes,0.3234
LN-1307,55000,18,14.13,22,57300.0,FALSE,No,0.0088
LN-1308,12300,18,15.63,61,11000.0,false,false,0.0992
LN-1309,61500,18,14.13,38,43500.0,no,no,0.0928
LN-1310,69500,24,14.57,55,35300.0,0,0,0.0351
LN-1311,72800,12,19.31,37,23100.0,yes,yes,0.7173
LN-1312,62200,24,13.64,26,40300.0,No,TRUE,0.5697
LN-1313,65200,24,16.01,34,18100.0,N,yes,0.6953
LN-1314,110500,24,16.69,29,42700.0,FALSE,false,0.152
LN-1315,97700,12,15.95,26,46000.0,false,0,0.2791
LN-1316,80400,18,17.51,57,24800.0,No,N,0.1982
LN-1317,69400,24,14.1,,23500.0,No,false,0.2174
LN-1318,98000,18,17.24,40,58500.0,no,1,0.3591
LN-1319,30500,18,16.66,43,50300.0,false,FALSE,0.1732
LN-1320,"Rs 86,700",24,18.31,39,10900.0,true,1,0.8963
LN-1321,46600,18,15.06,61,36000.0,0,no,0.0024
LN-1322,83000,18,14.54,33,61300.0,No,no,0.0454
LN-1323,79100,18,13.64,56,51000.0,0,false,0.2653
LN-1324,58500,18,14.87,41,23400.0,No,0,0.2031
LN-1325,53300,48,20.5,36,47300.0,FALSE,FALSE,0.1474
LN-1326,89300,18,21.46,24,33300.0,1,true,0.9628
LN-1327,100100,12,13.59,34,22400.0,Y,yes,0.6991
LN-1328,88200,24,13.13,29,36500.0,no,false,0.0809
LN-1329,52200,24,15.55,57,41600.0,N,no,0.1841
LN-1330,60700,24,14.97,51,43000.0,0,No,0.0839
LN-1331,47900,24,19.56,48,not disclosed,N,0,0.2882
LN-1332,"Rs 61,300",24,15.35,47,33800.0,FALSE,false,0.1566
LN-1333,76800,24,16.78,22,63200.0,no,no,0.152
LN-1334,83200,24,14.01,46,40000.0,0,FALSE,0.2934
LN-1335,90900,12,13.9,57,46900.0,No,1,0.4217
LN-1336,95300,18,11.57,,-1,false,yes,0.8321
LN-1337,49800,36,15.84,57,32500.0,no,Yes,0.6735
LN-1338,49000,12,11.98,33,27400.0,no,no,0.2844
LN-1339,93200,48,18.2,58,24300.0,no,N,0.1306
LN-1340,95300,36,14.61,38,40900.0,,yes,0.3585
LN-1341,91700,24,14.18,21,21800.0,No,N,0.1024
LN-1342,67300,24,15.96,22,45300.0,No,no,0.0756
LN-1343,108300,12,16.68,57,31300.0,0,No,0.087
LN-1344,139800,18,14.95,40,22300.0,no,0,0.0727
LN-1345,45300,18,13.53,43,41600.0,no,N,0.1995
LN-1346,85100,18,17.15,54,51700.0,0,yes,0.4404
LN-1347,65400,12,13.4,34,-1,No,1,0.5353
LN-1348,58400,18,15.71,61,26800.0,false,no,0.0225
LN-1349,96500,48,14.13,30,29500.0,false,Y,0.605
LN-1350,59800,24,18.39,27,41200.0,FALSE,0,0.0703
LN-1351,56600,36,15.5,56,30700.0,0,FALSE,0.0431
LN-1352,77000,24,15.69,33,26100.0,N,TRUE,0.4662
LN-1353,117400,18,14.56,24,41900.0,false,0,0.0367
LN-1354,55900,24,17.94,39,22700.0,Y,Yes,0.5615
LN-1355,76900,24,14.03,23,25000.0,0,Y,0.7736
LN-1356,48300,36,16.19,56,,N,0,0.0946
LN-1357,90900,24,15.84,26,33000.0,N,No,0.2647
LN-1358,105800,12,17.59,61,26000.0,No,N,0.1594
LN-1359,76900,24,19.7,56,26000.0,yes,Yes,0.6497
LN-1360,70800,18,16.99,22,58700.0,No,No,0.0919
LN-1361,67300,24,15.13,28,14800.0,FALSE,no,0.1079
LN-1362,63200,24,18.39,37,22400.0,,0,0.2661
LN-1363,90100,18,15.93,29,39300.0,no,No,0.1685
LN-1364,77100,12,13.1,25,38500.0,false,0,0.1938
LN-1365,88300,24,16.0,58,24100.0,false,1,0.5725
LN-1366,66700,36,17.55,24,10000.0,No,TRUE,0.6681
LN-1367,90700,24,15.22,38,38700.0,false,No,0.0725
LN-1368,76700,24,13.38,28,33700.0,false,FALSE,0.2247
LN-1369,101600,48,12.91,58,13700.0,FALSE,No,0.1858
LN-1370,83800,24,13.98,39,31900.0,FALSE,false,0.0254
LN-1371,103400,24,14.88,55,48600.0,false,No,0.2031
LN-1372,68100,24,14.28,45,22300.0,FALSE,0,0.2486
LN-1373,83400,36,13.97,57,53600.0,N,0,0.201
LN-1374,72400,48,12.34,43,20700.0,false,false,0.005
LN-1375,79800,12,18.0,25,26600.0,Y,true,0.9034
LN-1376,60400,36,17.44,43,25700.0,FALSE,no,0.1982
LN-1377,"Rs 75,500",36,13.54,31,36900.0,N,0,0.2292
LN-1378,73900,48,15.86,34,36600.0,false,yes,0.7661
LN-1379,120700,24,17.39,22,39100.0,FALSE,no,0.2016
LN-1380,79200,12,13.63,21,37500.0,0,TRUE,0.8009
LN-1381,55300,12,15.02,51,30900.0,0,0,0.0769
LN-1382,47400,36,12.38,60,20900.0,No,No,0.0848
LN-1383,111800,18,20.4,31,30200.0,yes,N,0.1887
LN-1384,35900,12,15.81,29,23100.0,0,Y,0.4048
LN-1385,45100,36,12.46,47,13600.0,no,0,0.1394
LN-1386,"Rs 58,200",48,13.11,48,29400.0,no,N,0.0335
LN-1387,107800,36,16.02,24,36000.0,No,TRUE,0.3582
LN-1388,70300,12,14.5,32,42900.0,FALSE,Yes,0.4129
LN-1389,119500,18,17.58,32,10000.0,Y,1,0.8862
LN-1390,78900,24,14.53,43,26800.0,false,false,0.1215
LN-1391,43000,24,12.81,23,24200.0,FALSE,false,0.0916
LN-1392,"Rs 46,500",12,16.48,55,14900.0,FALSE,no,0.0475
LN-1393,34400,12,12.46,25,44000.0,0,0,0.2037
LN-1394,69300,18,17.76,29,38100.0,no,TRUE,0.4464
LN-1395,69100,18,19.74,21,40300.0,true,TRUE,0.7182
LN-1396,83100,48,13.51,34,38300.0,false,no,0.2612
LN-1397,45300,36,11.93,28,30400.0,N,yes,0.4641
LN-1398,68900,18,14.71,53,44800.0,N,FALSE,0.0514
LN-1399,57200,24,13.56,30,42800.0,0,0,0.2939
LN-1400,62700,12,16.82,25,42300.0,No,Yes,0.4386
LN-1401,117700,18,17.86,45,33900.0,true,no,0.286
LN-1402,77000,24,14.59,26,53400.0,N,N,0.1306
LN-1403,51500,12,14.85,30,29900.0,no,no,0.06
LN-1404,72200,18,14.31,23,50200.0,N,No,0.3006
LN-1405,83400,24,13.48,53,28700.0,false,No,0.1808
LN-1406,78500,12,16.29,49,31900.0,No,0,0.2093
LN-1407,63200,24,15.75,37,24800.0,no,N,0.0663
LN-1408,106100,24,14.41,55,48200.0,0,N,0.298
LN-1409,73300,18,13.99,21,33100.0,No,yes,0.4587
LN-1410,54400,24,18.22,51,10000.0,no,N,0.2587
LN-1411,93900,24,13.42,34,44000.0,FALSE,FALSE,0.0859
LN-1412,79600,18,15.99,25,59100.0,,N,0.1925
LN-1413,49000,24,15.67,51,50100.0,0,no,0.0573
LN-1414,35800,24,19.01,28,17400.0,Yes,Y,0.6704
LN-1415,100900,18,13.94,44,32100.0,false,N,0.0867
LN-1416,82300,18,14.99,42,35200.0,yes,TRUE,0.6528
LN-1417,65100,24,13.35,23,49100.0,No,TRUE,0.4542
LN-1418,63200,24,12.44,58,67200.0,N,false,0.2389
LN-1419,93800,24,17.85,59,26700.0,0,no,0.2913
LN-1420,98900,12,16.2,51,41400.0,No,0,0.1614
LN-1421,68300,12,13.05,27,32800.0,0,N,0.0233
LN-1422,"Rs 92,200",12,14.81,29,39300.0,false,N,0.0824
LN-1423,59800,24,17.64,35,23800.0,no,No,0.1607
LN-1424,107100,12,16.26,46,55700.0,false,TRUE,0.3542
LN-1425,110000,24,14.84,56,28400.0,No,FALSE,0.0833
LN-1426,63600,24,14.84,28,25700.0,,false,0.2231
LN-1427,71800,48,17.48,50,10000.0,FALSE,false,0.0962
LN-1428,25900,36,14.69,34,41600.0,0,false,0.2593
LN-1429,40600,18,19.36,52,41800.0,N,N,0.1083
LN-1430,84800,18,17.65,37,29100.0,0,N,0.0908
LN-1431,75000,24,12.77,44,64000.0,false,yes,0.3971
LN-1432,107500,18,12.52,44,45600.0,,Y,0.4745
LN-1433,79000,24,14.88,38,27700.0,no,1,0.4776
LN-1434,77000,18,14.05,28,12100.0,FALSE,yes,0.3661
LN-1435,"Rs 85,400",18,9.28,48,31800.0,no,FALSE,0.2614
LN-1436,79000,12,17.89,27,44600.0,0,false,0.1856
LN-1437,59500,12,17.4,,22300.0,FALSE,no,0.2345
LN-1438,45200,24,15.63,47,27200.0,0,false,0.1237
LN-1439,72600,24,17.52,38,49900.0,FALSE,false,0.1676
LN-1440,100600,18,14.72,30,58100.0,N,Y,0.4502
LN-1441,73000,18,13.94,40,50100.0,no,N,0.1618
LN-1442,43100,36,14.77,42,38500.0,no,N,0.1375
LN-1443,51500,18,14.32,37,53800.0,false,N,0.2078
LN-1444,68200,18,16.35,21,36400.0,false,N,0.1154
LN-1445,97800,24,17.23,47,70000.0,0,no,0.0301
LN-1446,69600,18,16.46,30,40200.0,0,no,0.2486
LN-1447,73300,12,9.89,55,46600.0,false,no,0.2927
LN-1448,57000,36,14.77,28,27500.0,0,FALSE,0.1379
LN-1449,61700,18,15.45,48,52600.0,N,1,0.3209
LN-1450,73900,48,15.26,60,34300.0,FALSE,no,0.2377
LN-1451,56800,18,13.19,50,41200.0,0,yes,0.4431
LN-1452,60500,48,15.57,21,36200.0,No,no,0.0503
LN-1453,70000,24,17.8,,23700.0,N,Y,0.4921
LN-1454,86100,48,13.56,46,28000.0,No,yes,0.4647
LN-1455,79700,12,14.79,55,50100.0,false,false,0.2625
LN-1456,87800,18,12.43,49,66100.0,FALSE,no,0.0989
LN-1457,98800,18,13.75,24,60800.0,N,yes,0.63
LN-1458,61800,18,11.32,50,59200.0,0,Yes,0.3614
LN-1459,73200,18,13.92,46,33200.0,N,No,0.2582
LN-1460,58900,36,19.59,57,34400.0,TRUE,TRUE,0.72
LN-1461,106300,48,19.11,58,10000.0,no,Yes,0.3965
LN-1462,66900,18,11.52,38,30800.0,false,No,0.0649
LN-1463,89000,36,15.6,-1,35800.0,,Y,0.6895
LN-1464,52900,24,15.2,34,32000.0,no,false,0.0745
LN-1465,79300,12,18.96,43,52200.0,no,1,0.4018
LN-1466,60400,24,15.84,22,33400.0,no,no,0.0688
LN-1467,67700,24,14.02,35,10100.0,0,TRUE,0.6444
LN-1468,47000,24,18.32,36,36900.0,FALSE,no,0.1281
LN-1469,75600,18,15.92,24,53700.0,0,N,0.0302
LN-1470,105600,18,15.51,41,35100.0,no,Y,0.4465
LN-1471,108500,18,17.01,54,37200.0,Yes,,0.7056
LN-1472,36800,36,17.77,44,29700.0,0,No,0.1262
LN-1473,25800,24,15.46,39,33600.0,No,FALSE,0.1742
LN-1474,49400,36,13.05,53,25900.0,FALSE,yes,0.7533
LN-1475,78400,24,14.34,26,31400.0,No,TRUE,0.3969
LN-1476,77600,18,19.43,-1,42900.0,TRUE,TRUE,0.7185
LN-1477,71100,18,17.27,32,30200.0,Y,1,0.8569
LN-1478,49800,12,18.06,56,16300.0,No,false,0.1709
LN-1479,56200,48,16.36,28,31900.0,FALSE,No,0.2952
LN-1480,56800,12,19.87,38,22400.0,no,FALSE,0.1252
LN-1481,76600,24,13.3,61,43500.0,No,Yes,0.4088
LN-1482,81100,12,18.44,53,35900.0,false,false,0.2948
LN-1483,82900,36,15.66,35,46400.0,N,0,0.2115
LN-1484,86200,24,16.36,28,52000.0,Yes,1,0.8638
LN-1485,71100,12,15.99,52,21400.0,0,0,0.0914
LN-1486,89300,12,18.18,32,28600.0,No,No,0.3153
LN-1487,103200,48,13.91,40,30600.0,false,no,0.2629
LN-1488,80700,12,15.1,58,28600.0,0,FALSE,0.297
LN-1489,41900,12,14.41,41,24800.0,N,Y,0.4143
LN-1490,57000,18,13.69,47,38100.0,No,0,0.0023
LN-1491,30300,18,13.88,52,27300.0,No,No,0.0042
LN-1492,69900,48,12.94,60,37800.0,FALSE,FALSE,0.0564
LN-1493,61700,36,20.28,56,47100.0,yes,1,0.8704
LN-1494,77900,36,15.05,25,32700.0,no,no,0.1592
LN-1495,108100,36,16.64,52,32300.0,N,no,0.0459
LN-1496,101900,12,12.12,34,48600.0,N,false,0.1238
LN-1497,47000,24,15.5,53,37600.0,N,yes,0.4216
LN-1498,72800,18,14.99,53,33500.0,0,FALSE,0.1036
LN-1499,74100,18,16.24,58,50200.0,FALSE,false,0.1558
LN-1500,86000,24,13.35,34,16500.0,FALSE,no,0.152
LN-1501,"Rs 77,100",18,16.91,40,18400.0,false,Y,0.5783
LN-1502,96800,48,13.61,39,33400.0,false,N,0.1861
LN-1503,69900,48,16.68,58,41000.0,N,No,0.0394
LN-1504,83900,12,16.15,40,,FALSE,true,0.5426
LN-1505,72700,24,12.35,51,22900.0,,No,0.2699
LN-1506,73700,36,16.04,21,46300.0,FALSE,FALSE,0.1127
LN-1507,96200,36,14.24,26,not disclosed,yes,Yes,0.3931
LN-1508,87100,48,13.02,38,32200.0,no,Yes,0.4646
LN-1509,85800,18,15.48,61,21500.0,FALSE,Y,0.491
LN-1510,"Rs 123,900",12,19.2,31,40500.0,Yes,true,0.6534
LN-1511,64500,24,15.14,22,36600.0,No,Yes,0.4647
LN-1512,19100,12,14.58,,44400.0,no,No,0.1541
LN-1513,101900,18,18.93,57,51500.0,no,no,0.0454
LN-1514,72100,24,16.35,44,44000.0,no,yes,0.3325
LN-1515,39800,18,15.6,49,34900.0,no,FALSE,0.2533
LN-1516,59300,48,16.39,48,55400.0,no,N,0.3061
LN-1517,87500,24,14.58,35,37600.0,No,no,0.2615
LN-1518,73100,24,18.39,54,21600.0,no,yes,0.4023
LN-1519,87400,24,16.48,51,15300.0,yes,Yes,0.6709
LN-1520,80900,18,13.17,39,26500.0,false,true,0.6668
LN-1521,83200,18,16.09,47,51000.0,No,no,0.1952
LN-1522,34600,36,13.33,44,34700.0,N,TRUE,0.3333
LN-1523,51700,24,15.81,25,21400.0,N,false,0.2544
LN-1524,78600,18,11.39,42,47900.0,no,FALSE,0.1055
LN-1525,98700,18,16.61,54,40400.0,No,,0.4276
LN-1526,81400,18,13.49,35,42500.0,0,0,0.067
LN-1527,92300,18,15.87,49,40500.0,0,N,0.1841
LN-1528,66600,24,18.88,21,22700.0,FALSE,true,0.4389
LN-1529,123500,24,14.91,60,15100.0,Y,yes,0.7238
LN-1530,"Rs 61,700",36,14.84,56,41800.0,no,no,0.092
LN-1531,83600,18,17.39,53,50000.0,N,N,0.2437
LN-1532,63600,18,16.62,29,41300.0,0,N,0.1261
LN-1533,99600,18,14.42,26,69800.0,false,Y,0.3672
LN-1534,85200,18,16.27,61,32900.0,No,TRUE,0.4069
LN-1535,64700,24,11.92,31,26400.0,false,FALSE,0.311
LN-1536,59300,24,15.21,26,34200.0,FALSE,,0.1679
LN-1537,85700,12,17.54,36,24300.0,0,Yes,0.4156
LN-1538,81900,12,16.47,49,19700.0,0,false,0.2845
LN-1539,52800,48,15.22,41,40600.0,no,false,0.0568
LN-1540,"Rs 72,500",36,15.45,38,20600.0,N,FALSE,0.1572
LN-1541,102000,48,17.94,29,29900.0,TRUE,Y,0.6301
LN-1542,55600,12,14.55,45,33600.0,N,0,0.0858
LN-1543,58400,12,15.57,-1,39200.0,N,Yes,0.7086
LN-1544,55100,18,15.72,48,29500.0,No,no,0.3198
LN-1545,"Rs 69,300",24,13.8,24,27300.0,0,No,0.0876
LN-1546,85200,24,17.48,23,33400.0,false,Y,0.5031
LN-1547,81700,18,9.5,25,21300.0,FALSE,0,0.0865
LN-1548,89100,18,16.07,61,44100.0,FALSE,Yes,0.4108
LN-1549,47600,12,15.66,55,18000.0,FALSE,0,0.0894
LN-1550,86000,36,12.07,33,52700.0,FALSE,0,0.1317
LN-1551,73000,18,16.13,31,32500.0,0,0,0.0964
LN-1552,73300,24,12.17,57,23500.0,N,1,0.433
LN-1553,51100,24,15.99,37,28600.0,0,false,0.242
LN-1554,56500,18,12.27,35,24000.0,0,No,0.3197
LN-1555,71100,12,15.71,-1,41500.0,FALSE,no,0.196
LN-1556,105200,12,12.8,38,40500.0,No,FALSE,0.0123
LN-1557,72700,24,17.82,32,33400.0,false,N,0.0729
LN-1558,116300,18,17.51,52,34200.0,Y,true,0.7488
LN-1559,111600,18,15.37,60,59600.0,false,false,0.1208
LN-1560,62200,18,14.95,56,39200.0,false,N,0.0694
LN-1561,65200,18,14.04,52,49000.0,N,yes,0.5124
LN-1562,79600,48,15.62,49,36000.0,false,FALSE,0.2442
LN-1563,71400,24,17.72,32,10600.0,no,No,0.1007
LN-1564,61800,48,18.04,29,30100.0,no,0,0.1101
LN-1565,88500,24,19.02,50,26300.0,yes,true,0.4667
LN-1566,111500,24,14.38,47,35500.0,no,1,0.4764
LN-1567,74600,24,13.06,22,13100.0,false,Yes,0.5025
LN-1568,95100,24,17.7,34,35300.0,true,true,0.5594
LN-1569,73800,24,15.73,43,51100.0,No,Y,0.3289
LN-1570,72800,18,17.29,39,33700.0,No,TRUE,0.3519
LN-1571,104900,24,16.05,41,30000.0,No,0,0.2259
LN-1572,86500,18,20.67,23,56600.0,true,yes,0.8189
LN-1573,65300,18,14.73,30,27200.0,FALSE,No,0.2838
LN-1574,83300,48,14.79,30,not disclosed,false,Y,0.3427
LN-1575,58700,18,12.34,37,32200.0,N,yes,0.4155
LN-1576,117300,12,16.58,27,27100.0,yes,no,0.2393
LN-1577,60400,18,16.47,42,18400.0,N,N,0.2527
LN-1578,"Rs 78,400",24,13.96,,33700.0,FALSE,No,0.2278
LN-1579,76100,24,15.12,45,20200.0,no,No,0.3172
LN-1580,62600,12,16.8,60,40900.0,no,no,0.2257
LN-1581,80200,24,18.15,60,34000.0,false,0,0.0348
LN-1582,78300,18,15.81,52,37600.0,FALSE,FALSE,0.0548
LN-1583,111400,24,14.55,47,20000.0,false,No,0.2138
LN-1584,70600,12,15.4,48,32500.0,FALSE,false,0.166
LN-1585,100700,18,13.3,46,49400.0,FALSE,FALSE,0.1384
LN-1586,73300,18,15.68,,11500.0,yes,Yes,0.5636
LN-1587,80800,24,16.31,44,27900.0,0,N,0.0885
LN-1588,"Rs 56,500",24,14.09,51,23400.0,no,TRUE,0.6032
LN-1589,67800,12,15.55,43,29300.0,0,No,0.1722
LN-1590,100200,24,16.81,-1,47300.0,no,no,0.0223
LN-1591,68400,24,14.61,40,31200.0,false,no,0.2698
LN-1592,69800,18,12.15,30,38800.0,FALSE,true,0.5235
LN-1593,77800,24,9.6,40,34500.0,No,N,0.1133
LN-1594,88600,36,16.76,52,13300.0,N,No,0.1534
LN-1595,77000,18,19.58,23,15800.0,true,TRUE,0.9234
LN-1596,83200,18,15.19,48,34000.0,No,false,0.1543
LN-1597,"Rs 55,800",18,17.23,41,10000.0,no,Yes,0.3303
LN-1598,85600,36,15.02,53,18500.0,FALSE,false,0.0316
LN-1599,32200,18,16.45,27,37900.0,No,Yes,0.4406
LN-1600,65100,18,15.81,32,14900.0,0,Yes,0.5418
LN-1601,77300,24,20.45,59,31600.0,0,Y,0.4564
LN-1602,79600,12,15.89,32,33300.0,No,0,0.2507
LN-1603,79600,24,16.26,46,29200.0,,N,0.1217
LN-1604,45400,18,11.25,37,24800.0,No,No,0.3165
LN-1605,82600,12,16.17,49,13900.0,N,0,0.0618
LN-1606,80400,18,17.18,22,46800.0,FALSE,No,0.0065
LN-1607,65900,18,16.01,,40100.0,false,false,0.1401
LN-1608,45700,36,14.33,33,39800.0,0,no,0.0103
LN-1609,60700,24,19.88,-1,not disclosed,0,No,0.082
LN-1610,77400,24,17.14,28,38600.0,FALSE,FALSE,0.0704
LN-1611,58400,12,15.36,51,28400.0,,Yes,0.493
LN-1612,81100,24,14.86,23,31000.0,FALSE,yes,0.5947
LN-1613,70800,18,11.94,47,34600.0,false,TRUE,0.3779
LN-1614,35700,24,15.0,48,41800.0,FALSE,0,0.0932
LN-1615,56100,18,14.0,28,30700.0,no,false,0.0931
LN-1616,"Rs 88,500",24,11.84,37,32300.0,false,FALSE,0.1307
LN-1617,96800,24,18.5,57,48400.0,N,0,0.1379
LN-1618,80000,12,15.56,48,38100.0,No,no,0.0286
LN-1619,"Rs 89,600",36,16.13,48,29400.0,TRUE,yes,0.8025
LN-1620,71100,24,14.47,,30600.0,No,false,0.2975
LN-1621,"Rs 58,800",12,17.11,36,32200.0,false,TRUE,0.3999
LN-1622,82900,24,15.9,32,34400.0,no,Yes,0.436
LN-1623,66600,36,17.93,32,51400.0,FALSE,FALSE,0.0715
LN-1624,104400,18,17.49,24,20500.0,false,no,0.1687
LN-1625,36700,12,15.05,39,28200.0,N,no,0.1134
LN-1626,82200,18,16.35,24,67700.0,No,N,0.1983
LN-1627,64100,36,14.13,41,67500.0,FALSE,0,0.0168
LN-1628,72500,24,18.86,45,15700.0,N,true,0.4192
LN-1629,67300,12,14.92,-1,43400.0,N,Yes,0.3895
LN-1630,87400,48,19.74,42,36800.0,false,false,0.0365
LN-1631,37100,24,13.08,48,32800.0,0,no,0.0784
LN-1632,41500,48,15.75,34,25300.0,,no,0.273
LN-1633,66700,48,16.14,30,24400.0,FALSE,true,0.3953
LN-1634,39100,24,15.42,42,25600.0,N,false,0.2554
LN-1635,83300,12,14.47,51,49200.0,0,1,0.5198
LN-1636,46900,24,14.49,27,not disclosed,false,FALSE,0.1362
LN-1637,45100,24,15.0,61,40000.0,false,No,0.2178
LN-1638,76400,48,17.88,42,38600.0,1,Y,0.4043
LN-1639,78300,36,18.3,36,48100.0,0,No,0.2825
LN-1640,65200,24,11.7,42,50600.0,FALSE,No,0.1646
LN-1641,93200,36,17.87,55,28800.0,false,TRUE,0.3319
LN-1642,67500,18,16.49,53,35100.0,N,TRUE,0.3281
LN-1643,98500,24,17.6,48,32100.0,No,0,0.2014
LN-1644,53100,24,12.94,21,49700.0,N,Y,0.4707
LN-1645,62600,12,17.78,58,36000.0,false,Y,0.6049
LN-1646,85900,12,17.91,55,16500.0,N,0,0.2523
LN-1647,71500,48,13.56,22,40300.0,0,false,0.1234
LN-1648,57800,18,13.05,23,29900.0,FALSE,Y,0.6132
LN-1649,50900,24,18.04,46,29600.0,0,FALSE,0.1811
LN-1650,68700,12,16.14,48,48700.0,no,0,0.0911
LN-1651,61200,18,14.77,53,47600.0,N,FALSE,0.1067
LN-1652,62200,18,15.56,,25200.0,no,No,0.0406
LN-1653,65500,18,19.54,58,56600.0,N,Yes,0.393
LN-1654,72400,24,15.52,48,45000.0,no,Y,0.4496
LN-1655,86600,24,15.12,59,42000.0,N,FALSE,0.0964
LN-1656,112800,24,13.8,43,45100.0,No,no,0.2688
LN-1657,44000,48,15.8,33,38700.0,1,Yes,0.8313
LN-1658,52300,12,15.09,52,50700.0,no,No,0.0426
LN-1659,32100,48,12.83,45,50100.0,FALSE,0,0.1767
LN-1660,94700,18,15.0,49,23800.0,No,FALSE,0.2997
LN-1661,82400,24,12.01,56,45800.0,N,N,0.2541
LN-1662,65200,24,17.15,29,25100.0,no,No,0.2215
LN-1663,98600,48,16.03,23,45600.0,no,yes,0.342
LN-1664,64200,12,14.93,48,26100.0,0,1,0.778
LN-1665,48900,48,12.06,,,0,FALSE,0.316
LN-1666,71900,18,17.45,48,17100.0,no,FALSE,0.1681
LN-1667,125800,18,14.73,32,29900.0,true,1,0.9644
LN-1668,72200,18,12.88,56,34900.0,FALSE,yes,0.36
LN-1669,79900,24,12.14,35,34400.0,0,0,0.1345
LN-1670,"Rs 85,000",48,13.69,51,48000.0,FALSE,TRUE,0.6762
LN-1671,77900,18,17.68,39,30300.0,N,1,0.3773
LN-1672,59600,18,15.31,29,33600.0,no,no,0.1408
LN-1673,88600,18,14.5,41,20400.0,No,0,0.0197
LN-1674,61200,24,13.61,45,15500.0,false,No,0.175
LN-1675,84300,24,15.51,54,24600.0,no,yes,0.3471
LN-1676,62100,18,19.97,34,43600.0,N,Y,0.3641
LN-1677,95000,18,16.41,33,31700.0,No,0,0.0359
LN-1678,74200,24,11.34,29,33100.0,FALSE,N,0.0845
LN-1679,75900,24,18.32,54,29800.0,yes,Yes,0.7128
LN-1680,57000,24,12.81,27,48500.0,0,Yes,0.6266
LN-1681,"Rs 67,100",12,16.67,24,40600.0,FALSE,false,0.1174
LN-1682,112300,36,17.98,,44900.0,FALSE,true,0.3377
LN-1683,107800,12,21.8,21,31300.0,yes,yes,0.5734
LN-1684,92000,18,15.73,23,43100.0,No,false,0.244
LN-1685,68300,24,12.55,59,34700.0,false,1,0.3856
LN-1686,95100,24,12.34,32,49400.0,0,No,0.2834
LN-1687,41000,36,14.91,34,46300.0,no,true,0.3655
LN-1688,57800,18,12.52,45,22700.0,0,0,0.2418
LN-1689,"Rs 62,200",48,16.0,21,24200.0,0,TRUE,0.4369
LN-1690,66500,24,16.77,30,-1,false,No,0.0247
LN-1691,106300,24,18.74,24,49000.0,true,1,0.9812
LN-1692,"Rs 64,100",48,20.88,43,30500.0,Yes,true,0.8959
LN-1693,95600,36,16.38,,35600.0,N,true,0.5531
LN-1694,50900,24,15.21,28,33500.0,false,false,0.2261
LN-1695,17700,48,16.27,46,29500.0,0,N,0.1687
LN-1696,81300,24,16.36,38,33100.0,no,Y,0.6097
LN-1697,81500,24,20.38,47,34600.0,TRUE,1,0.8082
LN-1698,58700,18,13.52,59,33000.0,FALSE,yes,0.6188
LN-1699,59100,18,13.22,32,39700.0,false,FALSE,0.1765
LN-1700,63000,24,14.73,24,51800.0,false,No,0.1811
LN-1701,"Rs 113,800",24,14.12,45,34400.0,FALSE,no,0.0854
LN-1702,72000,18,14.93,39,43000.0,N,0,0.189
LN-1703,78900,24,15.25,57,23300.0,false,false,0.1956
LN-1704,115000,12,19.46,32,56700.0,FALSE,FALSE,0.1755
LN-1705,68100,12,12.22,26,40800.0,false,1,0.3772
LN-1706,53500,12,17.96,,-1,no,0,0.1014
LN-1707,68200,24,15.38,31,10000.0,0,Yes,0.3612
LN-1708,58100,24,19.04,47,41600.0,true,TRUE,0.836
LN-1709,96100,18,14.19,29,30800.0,N,true,0.3894
LN-1710,78900,24,20.08,28,22200.0,TRUE,1,0.9568
LN-1711,69400,24,15.58,49,40700.0,FALSE,FALSE,0.273
LN-1712,77000,24,13.97,33,39600.0,FALSE,0,0.1869
LN-1713,87800,12,13.92,56,38500.0,FALSE,FALSE,0.0922
LN-1714,51200,18,12.94,44,40800.0,0,FALSE,0.1748
LN-1715,59900,24,13.12,22,68600.0,N,false,0.131
LN-1716,65100,24,14.25,46,55900.0,FALSE,Yes,0.3511
LN-1717,91800,12,19.29,53,39200.0,N,no,0.0717
LN-1718,71400,18,13.93,33,16300.0,No,N,0.1698
LN-1719,85200,12,17.02,34,54200.0,0,false,0.1963
LN-1720,90200,24,13.5,57,46100.0,FALSE,false,0.3011
LN-1721,35700,48,15.22,26,30300.0,No,no,0.133
LN-1722,74800,48,21.1,43,22700.0,Y,yes,0.8484
LN-1723,98500,24,11.47,59,24800.0,false,N,0.1866
LN-1724,82700,18,14.55,24,45300.0,no,false,0.2966
LN-1725,64300,24,19.18,42,26300.0,N,FALSE,0.0148
LN-1726,88200,24,12.82,33,41000.0,no,N,0.2715
LN-1727,"Rs 22,300",18,15.98,50,27800.0,FALSE,TRUE,0.8122
LN-1728,46900,24,13.27,43,26200.0,false,yes,0.43
LN-1729,92600,12,17.98,,37800.0,no,TRUE,0.3259
LN-1730,103200,48,13.56,40,57100.0,N,0,0.0872
LN-1731,85100,36,15.62,22,32500.0,No,yes,0.4507
LN-1732,47500,18,15.61,52,25800.0,0,No,0.1174
LN-1733,66300,18,16.64,60,41800.0,No,yes,0.5261
LN-1734,72700,36,12.23,35,38300.0,no,FALSE,0.1262
LN-1735,25200,18,13.3,38,42400.0,false,no,0.0602
LN-1736,"Rs 68,400",12,11.39,29,49000.0,FALSE,Yes,0.5464
LN-1737,76700,48,16.6,57,42400.0,No,TRUE,0.3885
LN-1738,92900,48,14.02,44,41200.0,0,Yes,0.4178
LN-1739,91200,48,13.47,26,45500.0,0,0,0.0552
LN-1740,84700,18,19.4,46,35900.0,Y,Yes,0.7391
LN-1741,81400,18,13.95,51,27900.0,No,FALSE,0.3124
LN-1742,68900,24,12.52,44,33100.0,FALSE,No,0.1708
LN-1743,107600,48,16.19,54,23500.0,no,TRUE,0.3331
LN-1744,84800,12,17.25,59,15600.0,false,0,0.0625
LN-1745,88200,18,15.51,40,22700.0,N,TRUE,0.3825
LN-1746,72200,18,11.47,57,33900.0,false,Y,0.4717
LN-1747,69500,18,17.53,49,34900.0,no,true,0.3299
LN-1748,"Rs 60,500",18,17.29,56,40300.0,false,FALSE,0.1326
LN-1749,44600,18,15.6,26,35100.0,No,1,0.3425
LN-1750,86000,18,11.05,39,28300.0,false,Yes,0.4919
LN-1751,86000,18,14.09,23,32200.0,N,TRUE,0.3898
LN-1752,53900,18,14.23,,25000.0,No,N,0.0775
LN-1753,72100,24,14.48,31,36400.0,No,0,0.1417
LN-1754,76100,24,16.37,44,19500.0,No,N,0.2673
LN-1755,"Rs 101,900",24,15.92,29,12700.0,TRUE,1,0.7245
LN-1756,55600,18,12.03,38,44000.0,FALSE,No,0.2833
LN-1757,63300,18,14.47,60,34400.0,no,N,0.2218
LN-1758,100400,18,16.64,40,23600.0,0,FALSE,0.2764
LN-1759,65600,18,17.11,44,26500.0,Yes,yes,0.9439
LN-1760,111600,48,16.41,43,21700.0,FALSE,Yes,0.3642
LN-1761,112300,24,10.0,24,12100.0,N,0,0.1666
LN-1762,103500,24,15.3,41,39600.0,No,0,0.2605
LN-1763,72800,18,15.61,40,26600.0,No,no,0.0778
LN-1764,78900,18,17.09,36,57200.0,false,N,0.1573
LN-1765,55200,18,17.2,29,23900.0,FALSE,N,0.155
LN-1766,32700,12,17.16,45,42500.0,No,true,0.4919
LN-1767,96200,12,15.79,47,not disclosed,No,N,0.1087
LN-1768,70000,18,18.69,55,51100.0,No,no,0.1661
LN-1769,101900,36,17.14,45,40900.0,No,TRUE,0.5944
LN-1770,64600,12,14.55,40,44000.0,No,FALSE,0.3008
LN-1771,105600,12,13.77,35,49500.0,No,false,0.1617
LN-1772,46300,24,14.82,23,43300.0,No,no,0.2969
LN-1773,65800,24,9.68,21,27300.0,false,Y,0.7453
LN-1774,59400,12,15.97,56,30900.0,N,false,0.2348
LN-1775,111500,18,17.57,49,22200.0,No,Y,0.7032
LN-1776,48000,12,19.23,51,56700.0,no,Yes,0.4767
LN-1777,80000,24,14.08,30,44400.0,FALSE,no,0.2481
LN-1778,82100,12,14.25,22,14900.0,no,Y,0.4735
LN-1779,50200,36,11.03,23,24200.0,false,0,0.1627
LN-1780,77300,24,12.08,61,35100.0,0,false,0.2255
LN-1781,65200,18,13.06,51,49500.0,No,true,0.3419
LN-1782,71700,12,15.27,43,44100.0,FALSE,No,0.1752
LN-1783,93800,36,14.97,35,22400.0,no,true,0.5273
LN-1784,94800,24,12.79,61,22300.0,N,TRUE,0.4031
LN-1785,60800,24,16.24,23,34400.0,No,0,0.0932
LN-1786,20800,24,14.97,41,14400.0,0,false,0.0513
LN-1787,62800,36,13.09,33,32400.0,No,false,0.1173
LN-1788,64700,18,17.25,58,41300.0,N,Yes,0.37
LN-1789,30100,24,17.68,35,26000.0,No,0,0.0844
LN-1790,72700,24,13.84,52,52300.0,N,false,0.2814
LN-1791,67500,12,14.16,30,32000.0,FALSE,0,0.1769
LN-1792,40800,18,16.93,35,,No,no,0.1192
LN-1793,53700,18,14.65,52,48800.0,No,N,0.2189
LN-1794,102600,24,11.77,48,37900.0,FALSE,No,0.2454
LN-1795,52900,18,17.11,38,26600.0,no,yes,0.5509
LN-1796,67700,36,13.89,57,36500.0,no,Yes,0.4506
LN-1797,92100,18,15.6,39,27400.0,FALSE,FALSE,0.1148
LN-1798,71400,48,15.74,32,17400.0,FALSE,Y,0.3657
LN-1799,87900,18,15.1,23,25700.0,false,Yes,0.419
LN-1800,85000,48,17.59,61,37100.0,FALSE,yes,0.3737
LN-1801,76200,24,13.41,43,31800.0,N,false,0.279
LN-1802,71100,18,15.92,53,26100.0,No,N,0.3173
LN-1803,87300,24,15.4,50,17000.0,No,Y,0.3265
LN-1804,112400,24,17.99,61,35900.0,FALSE,FALSE,0.2327
LN-1805,81000,18,18.96,56,30800.0,1,Y,0.592
LN-1806,48600,24,16.71,45,33900.0,no,No,0.2467
LN-1807,"Rs 103,000",24,17.3,58,10000.0,false,FALSE,0.2679
LN-1808,83700,18,16.97,31,26800.0,false,yes,0.4404
LN-1809,93200,12,17.04,24,54500.0,FALSE,true,0.6842
LN-1810,65800,24,16.3,47,25300.0,false,true,0.6691
LN-1811,93000,18,16.0,50,53100.0,0,true,0.4253
LN-1812,65300,24,16.24,43,46800.0,No,FALSE,0.0421
LN-1813,92400,18,17.92,56,21100.0,0,1,0.3593
LN-1814,76600,24,17.91,29,41900.0,N,no,0.2545
LN-1815,81700,24,13.47,55,18600.0,N,No,0.1479
LN-1816,55800,18,14.13,32,21500.0,FALSE,No,0.2597
LN-1817,82900,12,18.18,36,37000.0,No,No,0.1623
LN-1818,100500,12,21.85,28,41800.0,0,TRUE,0.5397
LN-1819,66500,24,20.64,61,40400.0,false,0,0.1623
LN-1820,52900,12,13.81,61,49900.0,FALSE,true,0.5346
LN-1821,67100,12,17.52,22,29200.0,No,N,0.1026
LN-1822,83500,24,16.57,21,45800.0,no,No,0.3063
LN-1823,73600,36,20.29,60,51600.0,0,No,0.0049
LN-1824,56600,12,17.35,46,52000.0,false,0,0.1839
LN-1825,51000,24,15.78,48,28200.0,false,0,0.09
LN-1826,47600,24,14.91,47,47700.0,N,FALSE,0.1233
LN-1827,49800,48,14.25,42,40400.0,No,,0.2476
LN-1828,82000,24,15.14,55,62100.0,FALSE,yes,0.5518
LN-1829,69400,18,13.45,44,46000.0,no,1,0.3678
LN-1830,95700,24,14.65,26,40500.0,FALSE,false,0.1225
LN-1831,58800,12,17.54,23,56100.0,false,Y,0.4071
LN-1832,127200,24,15.54,26,36000.0,no,0,0.1802
LN-1833,30100,18,14.07,48,33900.0,N,0,0.1207
LN-1834,59700,48,15.25,55,34500.0,no,FALSE,0.1023
LN-1835,101700,12,13.72,48,40800.0,false,0,0.1012
LN-1836,67100,18,13.65,24,46400.0,No,FALSE,0.2286
LN-1837,87800,24,15.98,44,31000.0,FALSE,0,0.0837
LN-1838,112500,12,14.27,46,46900.0,No,false,0.065
LN-1839,40700,24,16.12,31,57500.0,FALSE,0,0.2309
LN-1840,"Rs 110,400",18,17.98,27,30800.0,0,no,0.064
LN-1841,"Rs 60,000",48,13.23,49,40200.0,No,Yes,0.3274
LN-1842,104800,36,12.19,50,51200.0,N,No,0.0779
LN-1843,96900,36,11.72,52,32000.0,0,yes,0.3342
LN-1844,33200,24,17.12,23,34600.0,false,yes,0.4238
LN-1845,63900,24,18.1,21,44600.0,No,true,0.3651
LN-1846,85200,12,12.19,34,57400.0,N,TRUE,0.3808
LN-1847,51800,12,17.14,22,49300.0,false,1,0.3489
LN-1848,30200,12,11.7,51,57600.0,no,No,0.3026
LN-1849,90500,12,15.4,59,31000.0,Yes,Y,0.6138
LN-1850,27500,12,12.66,33,56500.0,FALSE,yes,0.3253
LN-1851,95800,48,20.71,49,23400.0,Y,Yes,0.613
LN-1852,87400,24,17.93,49,48500.0,0,false,0.2964
LN-1853,65700,12,17.18,38,31600.0,No,true,0.3212
LN-1854,53800,48,18.1,57,not disclosed,false,1,0.3867
LN-1855,64300,12,19.02,28,30500.0,No,yes,0.4815
LN-1856,80800,18,15.74,53,22700.0,false,N,0.2422
LN-1857,73800,12,15.65,32,46700.0,no,yes,0.5821
LN-1858,94000,48,17.46,45,38300.0,0,Yes,0.4848
LN-1859,61200,24,14.51,,not disclosed,no,true,0.3749
LN-1860,34800,12,18.91,51,42800.0,no,N,0.1402
LN-1861,70300,24,16.63,,38400.0,no,Y,0.4475
LN-1862,57100,12,13.85,41,36200.0,0,false,0.1027
LN-1863,77600,24,17.2,52,36100.0,1,,0.5506
LN-1864,"Rs 58,500",36,14.49,25,26300.0,false,TRUE,0.5206
LN-1865,87800,24,14.23,27,23000.0,No,yes,0.551
LN-1866,56200,18,14.22,31,31000.0,FALSE,No,0.2552
LN-1867,113300,12,13.15,56,28000.0,0,No,0.0074
LN-1868,80600,48,18.71,21,53000.0,no,no,0.2011
LN-1869,64300,12,16.94,45,29000.0,N,0,0.1438
LN-1870,107500,24,16.96,26,25900.0,no,no,0.0665
LN-1871,83300,18,15.78,60,13000.0,No,TRUE,0.6587
LN-1872,92800,24,17.65,35,27000.0,no,no,0.3161
LN-1873,69200,18,13.54,28,14700.0,false,FALSE,0.2394
LN-1874,72500,36,15.22,41,,0,N,0.1754
LN-1875,82300,24,15.69,,23500.0,0,No,0.1265
LN-1876,60000,12,15.06,22,23600.0,N,FALSE,0.2862
LN-1877,76500,24,16.33,24,26400.0,FALSE,No,0.1605
LN-1878,33600,24,15.77,24,40500.0,N,no,0.261
LN-1879,53700,24,15.03,44,38500.0,false,false,0.1548
LN-1880,"Rs 72,000",24,16.56,60,35700.0,no,no,0.1626
LN-1881,135300,48,19.39,23,40800.0,Yes,Yes,0.7235
LN-1882,80500,24,15.21,51,32100.0,no,Y,0.4308
LN-1883,45400,24,14.23,52,39300.0,no,no,0.1915
LN-1884,61700,24,15.48,32,20600.0,No,FALSE,0.0942
LN-1885,"Rs 85,800",24,13.04,21,-1,false,1,0.4563
LN-1886,47900,12,15.85,22,38700.0,0,0,0.2242
LN-1887,67700,24,15.16,40,39500.0,No,no,0.2117
LN-1888,45700,24,16.26,30,55800.0,false,no,0.2779
LN-1889,50700,12,14.59,40,24200.0,N,yes,0.6591
LN-1890,17500,12,16.47,24,23200.0,0,N,0.0198
LN-1891,60400,36,16.15,55,38000.0,no,0,0.28
LN-1892,114200,12,18.8,46,10700.0,1,TRUE,0.6322
LN-1893,67900,12,13.62,30,17100.0,false,yes,0.4992
LN-1894,85400,24,12.8,40,41300.0,N,yes,0.3536
LN-1895,79100,12,15.0,45,40300.0,false,true,0.4319
LN-1896,69500,18,13.66,45,45100.0,false,1,0.4216
LN-1897,64300,18,15.2,27,20800.0,false,Yes,0.5054
LN-1898,114200,24,13.39,39,32200.0,N,0,0.2713
LN-1899,68900,48,17.28,41,49400.0,no,0,0.1971
LN-1900,54100,18,13.88,40,,false,no,0.0315
LN-1901,92200,12,11.9,26,26900.0,no,false,0.2196
LN-1902,48500,24,15.71,32,18400.0,FALSE,,0.0567
LN-1903,72700,24,14.35,44,30300.0,no,FALSE,0.1408
LN-1904,65000,24,15.14,56,36000.0,No,false,0.1928
LN-1905,68900,24,15.29,43,42100.0,FALSE,Yes,0.5517
LN-1906,64100,18,17.31,22,39000.0,N,1,0.9239
LN-1907,38600,24,14.93,55,33500.0,false,false,0.0583
LN-1908,89900,24,14.48,47,51100.0,FALSE,,0.4958
LN-1909,73900,18,13.44,34,63600.0,0,true,0.5217
LN-1910,"Rs 72,900",36,15.6,40,36300.0,false,false,0.0461
LN-1911,95000,18,15.36,22,40200.0,0,No,0.0797
LN-1912,96800,18,17.6,21,35900.0,false,Y,0.352
LN-1913,96100,18,15.61,27,26500.0,N,yes,0.5024
LN-1914,73200,12,12.06,32,44900.0,no,yes,0.733
LN-1915,83200,24,15.37,42,51700.0,0,FALSE,0.1018
LN-1916,82900,24,16.51,52,35600.0,FALSE,Y,0.3624
LN-1917,91000,24,14.1,58,33600.0,FALSE,FALSE,0.0952
LN-1918,98000,12,12.77,-1,35900.0,FALSE,Yes,0.4529
LN-1919,"Rs 86,000",36,16.34,34,20900.0,yes,yes,0.5812
LN-1920,75600,18,15.38,29,29500.0,no,no,0.1281
LN-1921,92600,24,16.46,48,41700.0,N,no,0.1193
LN-1922,74500,18,14.85,25,32900.0,FALSE,No,0.1932
LN-1923,59500,18,15.51,-1,38100.0,0,0,0.1906
LN-1924,77000,18,12.94,51,29900.0,false,FALSE,0.1361
LN-1925,91200,18,16.45,60,21000.0,no,true,0.3653
LN-1926,59100,18,12.32,-1,31900.0,no,FALSE,0.3056
LN-1927,"Rs 84,700",36,12.12,47,59900.0,No,N,0.1944
LN-1928,86600,36,13.56,42,16100.0,false,FALSE,0.1919
LN-1929,74600,18,12.71,47,28600.0,No,no,0.27
LN-1930,38800,36,15.3,27,44900.0,0,FALSE,0.1229
LN-1931,67100,24,18.6,45,54400.0,TRUE,Y,0.8323
LN-1932,54800,48,14.0,35,47000.0,No,FALSE,0.1732
LN-1933,86500,36,14.94,35,37000.0,0,,0.4075
LN-1934,87300,18,16.88,48,47800.0,N,true,0.3757
LN-1935,83600,12,13.6,42,27800.0,N,Yes,0.6392
LN-1936,69300,24,17.53,30,14400.0,no,No,0.077
LN-1937,"Rs 57,200",24,15.22,40,36200.0,no,N,0.171
LN-1938,63100,24,13.64,53,39000.0,N,0,0.11
LN-1939,79800,12,19.99,61,18000.0,0,TRUE,0.4312
LN-1940,95600,24,15.13,30,56600.0,N,no,0.1562
LN-1941,55400,12,14.97,31,34000.0,true,Yes,0.6504
LN-1942,56200,48,12.28,48,30000.0,no,TRUE,0.3894
LN-1943,58700,24,13.91,21,40800.0,no,N,0.3095
LN-1944,51500,36,16.38,29,60800.0,0,0,0.1751
LN-1945,53100,48,13.38,34,28800.0,no,TRUE,0.3342
LN-1946,56000,36,16.25,39,49600.0,0,yes,0.3764
LN-1947,114200,36,15.92,47,39800.0,FALSE,Y,0.3637
LN-1948,62100,12,18.08,48,27800.0,FALSE,no,0.0623
LN-1949,78500,36,14.48,24,24600.0,0,TRUE,0.4423
LN-1950,96700,12,17.16,40,22800.0,0,No,0.1831
LN-1951,78900,12,12.53,26,51000.0,FALSE,TRUE,0.6594
LN-1952,70100,48,17.19,41,21800.0,,false,0.2883
LN-1953,"Rs 67,200",12,17.07,60,35100.0,false,0,0.0181
LN-1954,98600,18,15.72,21,50100.0,0,false,0.196
LN-1955,68900,18,13.54,22,35400.0,,no,0.1053
LN-1956,59200,48,17.01,-1,48000.0,FALSE,1,0.3489
LN-1957,87200,48,11.77,59,24500.0,no,0,0.0723
LN-1958,52100,18,15.54,55,37900.0,N,Yes,0.41
LN-1959,109000,18,17.62,59,44800.0,FALSE,N,0.1573
LN-1960,89300,24,18.68,35,44100.0,Y,TRUE,0.8365
LN-1961,69500,18,13.01,22,39800.0,no,1,0.4394
LN-1962,80200,12,17.7,61,40800.0,0,N,0.0578
LN-1963,101100,12,17.9,30,43500.0,false,no,0.216
LN-1964,94900,18,15.01,46,41800.0,No,TRUE,0.3905
LN-1965,55000,36,15.47,35,26300.0,FALSE,no,0.2125
LN-1966,51400,36,13.0,36,32300.0,false,0,0.1533
LN-1967,56800,18,16.27,44,37100.0,0,1,0.367
LN-1968,78700,24,17.16,56,34600.0,N,0,0.097
LN-1969,48800,12,16.33,24,22400.0,No,N,0.1487
LN-1970,61100,48,18.96,,10000.0,1,TRUE,0.9525
LN-1971,80800,24,21.57,47,36200.0,TRUE,Yes,0.4237
LN-1972,73000,24,10.27,61,33500.0,0,No,0.059
LN-1973,77400,18,10.43,57,35800.0,N,TRUE,0.4412
LN-1974,36100,12,17.52,46,40500.0,No,no,0.3059
LN-1975,65100,12,15.33,39,49200.0,no,No,0.0318
LN-1976,90100,36,13.84,41,40400.0,No,N,0.1921
LN-1977,62200,24,14.34,22,19200.0,No,No,0.0509
LN-1978,83000,18,10.69,33,10800.0,false,0,0.2032
LN-1979,46700,18,14.66,49,,0,TRUE,0.5064
LN-1980,88000,12,10.9,24,21900.0,false,0,0.2875
LN-1981,40300,18,19.77,40,36000.0,Y,TRUE,0.6741
LN-1982,"Rs 53,200",12,12.41,52,29200.0,FALSE,1,0.3318
LN-1983,61400,18,14.31,23,37700.0,FALSE,N,0.1007
LN-1984,53400,48,17.18,-1,41600.0,0,no,0.0719
LN-1985,51300,12,13.31,,not disclosed,false,false,0.1262
LN-1986,40300,24,14.61,46,18500.0,FALSE,No,0.0839
LN-1987,99800,24,12.46,60,33400.0,no,TRUE,0.4177
LN-1988,71200,18,15.69,27,53000.0,Yes,1,0.6528
LN-1989,56700,18,15.53,50,26900.0,No,0,0.123
LN-1990,85000,36,15.05,27,46800.0,no,N,0.2566
LN-1991,71500,24,13.56,51,29800.0,no,N,0.1652
LN-1992,71700,24,17.54,60,not disclosed,no,No,0.123
LN-1993,65300,12,16.71,56,59000.0,FALSE,false,0.2814
LN-1994,50500,18,18.61,42,43800.0,0,FALSE,0.1562
LN-1995,82800,12,14.43,28,35500.0,0,No,0.2111
LN-1996,63700,24,17.58,23,31400.0,N,true,0.3435
LN-1997,56500,36,16.64,49,19700.0,N,no,0.2268
LN-1998,102600,12,18.09,61,55100.0,yes,1,0.6084
LN-1999,85500,24,12.7,26,32300.0,no,Yes,0.4994
LN-2000,40600,18,15.81,25,39600.0,no,FALSE,0.2349
LN-2001,65500,48,15.9,54,33400.0,0,Y,0.5671
LN-2002,80100,18,21.69,26,,1,yes,0.6875
LN-2003,50500,24,14.7,49,58800.0,FALSE,No,0.1591
LN-2004,"Rs 59,000",18,23.81,25,45300.0,1,,0.8592
LN-2005,26400,18,15.67,23,28400.0,FALSE,0,0.2213
LN-2006,88300,24,22.07,34,11100.0,1,true,0.7425
LN-2007,60800,18,16.72,29,37400.0,FALSE,no,0.24
LN-2008,29100,24,14.75,24,27400.0,false,Y,0.7775
LN-2009,49200,12,18.87,45,46000.0,0,No,0.0845
LN-2010,63500,18,15.63,53,37200.0,false,no,0.2278
LN-2011,62000,36,17.9,32,14200.0,false,no,0.1212
LN-2012,38100,24,16.19,44,34300.0,No,No,0.0317
LN-2013,66700,12,14.52,37,56400.0,0,No,0.1469
LN-2014,71900,18,17.18,51,58300.0,No,No,0.1248
LN-2015,56400,24,14.41,59,22000.0,0,false,0.0749
LN-2016,108000,24,20.57,22,50200.0,yes,yes,0.6636
LN-2017,42800,24,15.5,21,23400.0,no,0,0.0764
LN-2018,98100,12,15.05,42,44200.0,Yes,Yes,0.4764
LN-2019,52200,24,15.39,,27600.0,No,,0.0974
LN-2020,55300,24,14.84,30,50500.0,0,No,0.0119
LN-2021,122400,48,13.91,43,38200.0,0,N,0.0642
LN-2022,73300,18,17.03,48,42000.0,no,1,0.5106
LN-2023,53600,48,14.6,28,37800.0,false,yes,0.3713
LN-2024,41900,24,11.12,23,27300.0,No,0,0.1564
LN-2025,61100,24,15.63,23,17800.0,false,TRUE,0.6131
LN-2026,47900,24,13.61,35,21800.0,false,Yes,0.3737
LN-2027,55400,18,13.73,38,39300.0,No,1,0.3612
LN-2028,49700,36,13.62,22,40200.0,no,false,0.2022
LN-2029,70200,24,18.35,52,37200.0,N,Y,0.5548
LN-2030,80500,18,16.8,55,18300.0,yes,1,0.7836
LN-2031,74100,18,13.48,33,28800.0,N,N,0.1999
LN-2032,62800,24,15.75,60,40800.0,N,false,0.1728
LN-2033,"Rs 40,600",24,15.86,51,28100.0,No,no,0.0454
LN-2034,98700,18,16.24,60,18800.0,N,No,0.2627
LN-2035,22200,36,15.07,38,44700.0,no,no,0.2285
LN-2036,74300,24,12.8,21,45800.0,no,true,0.4976
LN-2037,74500,18,13.17,55,24200.0,false,1,0.5823
LN-2038,86400,18,16.41,56,37200.0,false,Yes,0.5046
LN-2039,61500,48,16.09,27,30600.0,0,no,0.2725
LN-2040,54000,24,16.28,38,48400.0,N,TRUE,0.3533
LN-2041,63100,12,13.11,29,44300.0,FALSE,N,0.1456
LN-2042,103700,24,12.73,43,51600.0,N,no,0.1598
LN-2043,92900,12,22.68,51,47500.0,TRUE,true,0.7795
LN-2044,70200,12,14.74,22,29700.0,FALSE,0,0.0878
LN-2045,72600,36,16.44,21,32200.0,FALSE,N,0.2984
LN-2046,76700,18,13.84,22,40200.0,N,no,0.2416
LN-2047,31400,18,17.6,23,41500.0,No,0,0.297
LN-2048,51300,12,17.93,48,19000.0,false,Yes,0.4003
LN-2049,70600,12,16.28,23,37400.0,FALSE,1,0.6043
LN-2050,90900,24,13.98,32,35700.0,FALSE,,0.3248
LN-2051,32500,18,17.85,35,,N,1,0.3694
LN-2052,107000,24,14.92,40,31500.0,no,1,0.3607
LN-2053,"Rs 90,500",24,18.34,48,28600.0,no,FALSE,0.0652
LN-2054,53800,48,17.6,55,27300.0,FALSE,No,0.292
LN-2055,54000,24,17.22,34,-1,TRUE,no,0.3191
LN-2056,90500,24,18.84,53,50700.0,No,0,0.2784
LN-2057,68200,48,12.2,42,42100.0,0,Y,0.3407
LN-2058,82600,18,13.21,49,36700.0,N,FALSE,0.2468
LN-2059,71400,24,14.71,47,31200.0,FALSE,1,0.4401
LN-2060,99300,18,16.59,58,55900.0,FALSE,true,0.4761
LN-2061,75400,24,13.39,41,50500.0,No,Y,0.3959
LN-2062,70600,12,18.53,36,58700.0,No,FALSE,0.0506
LN-2063,75400,12,16.55,39,45700.0,N,true,0.5575
LN-2064,61500,48,14.61,38,31200.0,0,N,0.196
LN-2065,107100,48,11.37,52,25600.0,no,0,0.2593
LN-2066,"Rs 67,000",24,19.38,28,36100.0,No,0,0.2041
LN-2067,56700,12,15.28,51,29000.0,no,,0.5754
LN-2068,54800,12,17.09,21,30800.0,no,N,0.0932
LN-2069,74000,18,11.78,-1,28500.0,0,no,0.1628
LN-2070,70700,12,13.67,26,34800.0,0,FALSE,0.1638
LN-2071,58400,36,17.52,,46300.0,no,0,0.2343
LN-2072,66300,12,16.69,54,10000.0,0,Y,0.3491
LN-2073,144700,24,18.0,56,37100.0,yes,yes,0.6366
LN-2074,103900,18,18.35,55,not disclosed,no,1,0.5053
LN-2075,87700,48,12.22,39,55400.0,no,FALSE,0.1585
LN-2076,83800,24,15.24,36,44200.0,FALSE,no,0.223
LN-2077,46200,24,16.77,61,46600.0,no,Y,0.3253
LN-2078,89600,24,18.22,44,19900.0,no,N,0.1838
LN-2079,135000,24,17.05,57,32000.0,1,TRUE,0.8623
LN-2080,54800,48,14.23,31,29400.0,N,No,0.2207
LN-2081,76400,18,15.65,29,56000.0,FALSE,no,0.18
LN-2082,69400,24,13.26,47,15200.0,No,0,0.1438
LN-2083,60500,24,13.24,45,46400.0,false,0,0.2589
LN-2084,65600,48,12.18,55,35800.0,No,TRUE,0.4279
LN-2085,33400,24,19.67,48,33800.0,0,yes,0.3695
LN-2086,117600,48,13.21,42,23200.0,no,no,0.1358
LN-2087,16800,18,16.2,27,35600.0,FALSE,N,0.1726
LN-2088,80600,24,17.22,43,19100.0,0,TRUE,0.497
LN-2089,52300,18,16.27,30,15600.0,false,0,0.1134
LN-2090,54200,18,16.69,38,23500.0,No,FALSE,0.0944
LN-2091,64600,24,15.45,30,45500.0,0,yes,0.3573
LN-2092,87500,18,10.71,-1,43200.0,N,N,0.2068
LN-2093,60200,18,20.99,40,44700.0,Y,yes,0.6121
LN-2094,99100,12,10.04,28,36800.0,0,No,0.0578
LN-2095,57100,36,14.49,51,30400.0,no,N,0.3199
LN-2096,75200,18,15.39,57,33800.0,FALSE,false,0.2382
LN-2097,85300,12,15.62,58,38500.0,FALSE,0,0.0954
LN-2098,91900,12,13.13,29,27800.0,0,1,0.4305
LN-2099,58700,12,16.81,45,41700.0,no,TRUE,0.3249
LN-2100,96800,24,14.69,22,-1,false,FALSE,0.2663
LN-2101,71000,18,17.2,35,33700.0,N,No,0.1863
LN-2102,86600,12,12.15,57,32700.0,no,N,0.0627
LN-2103,82200,18,13.62,51,33100.0,0,TRUE,0.37
LN-2104,75400,18,14.85,32,24200.0,0,0,0.2891
LN-2105,62700,12,18.28,59,12800.0,0,N,0.0432
LN-2106,85400,24,17.98,22,23500.0,N,true,0.4547
LN-2107,35400,48,11.24,40,27100.0,false,1,0.5415
LN-2108,41300,18,16.35,53,50400.0,N,no,0.2096
LN-2109,97100,12,16.43,22,41200.0,0,1,0.5265
LN-2110,95400,12,14.24,59,43700.0,FALSE,N,0.093
LN-2111,87800,18,14.59,21,51500.0,no,false,0.1886
LN-2112,40500,24,15.44,22,43400.0,0,false,0.1094
LN-2113,"Rs 83,300",24,14.64,33,15100.0,no,FALSE,0.1056
LN-2114,53600,18,14.92,24,38000.0,,FALSE,0.1479
LN-2115,45200,18,13.73,30,13100.0,no,TRUE,0.5167
LN-2116,75900,24,13.69,25,20200.0,0,1,0.3954
LN-2117,84100,24,19.07,28,27200.0,false,FALSE,0.1032
LN-2118,31600,24,14.45,59,43700.0,N,Y,0.4168
LN-2119,84300,18,16.11,-1,50400.0,false,Yes,0.4006
LN-2120,110500,24,13.4,52,25100.0,No,no,0.2511
LN-2121,80800,12,15.54,30,32200.0,no,FALSE,0.0681
LN-2122,90500,12,16.1,44,31200.0,0,false,0.2114
LN-2123,77900,24,16.96,-1,10600.0,no,FALSE,0.0105
LN-2124,28600,48,13.46,33,52300.0,no,yes,0.361
LN-2125,100000,24,12.11,47,30700.0,false,TRUE,0.4031
LN-2126,60500,12,17.73,55,53900.0,FALSE,0,0.0952
LN-2127,68400,24,12.86,28,26100.0,no,false,0.2598
LN-2128,84300,18,16.45,59,22000.0,N,Yes,0.4993
LN-2129,88300,18,15.71,,51200.0,no,N,0.1755
LN-2130,72200,18,15.69,43,10000.0,N,false,0.174
LN-2131,55400,18,21.0,33,17900.0,1,yes,0.8898
LN-2132,92800,18,14.55,49,28500.0,false,FALSE,0.1829
LN-2133,55300,24,19.43,57,25700.0,No,false,0.1099
LN-2134,46800,36,18.13,22,28900.0,0,0,0.1937
LN-2135,84000,36,17.94,52,34200.0,FALSE,0,0.1119
LN-2136,78400,24,13.3,48,28100.0,FALSE,N,0.1811
LN-2137,71100,12,15.31,36,42600.0,N,yes,0.6156
LN-2138,86300,18,17.68,50,37700.0,false,false,0.2172
LN-2139,87600,24,18.41,27,38300.0,false,N,0.2831
LN-2140,43500,24,13.72,29,47100.0,No,N,0.2192
LN-2141,90000,18,17.23,22,26500.0,false,false,0.175
LN-2142,87600,48,12.31,59,21500.0,yes,1,0.8673
LN-2143,81100,24,13.11,56,48900.0,N,false,0.2185
LN-2144,95700,18,14.7,24,28500.0,0,N,0.2287
LN-2145,92200,24,15.69,-1,33700.0,FALSE,N,0.1954
LN-2146,31700,18,18.16,50,39300.0,No,FALSE,0.0166
LN-2147,72100,18,14.72,39,25200.0,false,no,0.1016
LN-2148,66200,24,16.15,21,39800.0,false,false,0.1472
LN-2149,47000,48,13.61,58,10000.0,0,no,0.0822
LN-2150,65100,24,16.98,50,25300.0,N,FALSE,0.096
LN-2151,10000,18,15.82,48,28700.0,false,TRUE,0.3494
LN-2152,64300,18,14.96,59,23600.0,FALSE,No,0.2789
LN-2153,66700,48,16.95,22,17600.0,no,no,0.1365
LN-2154,42000,24,16.72,35,10000.0,no,Y,0.517
LN-2155,102600,24,12.81,55,39700.0,0,Yes,0.4258
LN-2156,109400,24,17.39,44,39600.0,N,0,0.1727
LN-2157,87100,48,11.31,29,44400.0,0,FALSE,0.2066
LN-2158,76000,12,19.27,44,54100.0,Y,TRUE,0.5889
LN-2159,64900,24,12.26,21,28600.0,No,N,0.2889
LN-2160,100000,24,17.74,45,31300.0,0,FALSE,0.0669
LN-2161,82600,18,13.93,28,40500.0,0,No,0.0869
LN-2162,104200,18,15.99,52,13800.0,N,No,0.3031
LN-2163,50400,24,22.34,36,34300.0,,TRUE,0.582
LN-2164,78500,12,13.8,51,60000.0,No,true,0.4374
LN-2165,86700,18,18.1,60,18300.0,FALSE,FALSE,0.2162
LN-2166,74800,48,20.47,23,44700.0,true,Y,0.7831
LN-2167,62700,18,16.22,45,45600.0,false,false,0.191
LN-2168,63200,18,17.85,49,19800.0,no,no,0.1735
LN-2169,94100,24,11.37,53,61500.0,FALSE,false,0.1356
LN-2170,62100,36,13.21,24,15500.0,0,FALSE,0.1589
LN-2171,93900,18,15.09,31,39000.0,no,0,0.0781
LN-2172,"Rs 54,000",24,17.7,39,38900.0,No,Yes,0.4115
LN-2173,112700,18,11.72,41,51900.0,0,0,0.0581
LN-2174,70700,18,16.59,26,not disclosed,no,true,0.4861
LN-2175,51000,12,17.09,25,31500.0,No,Y,0.6979
LN-2176,118300,48,15.34,49,45100.0,FALSE,1,0.6706
LN-2177,51300,36,15.89,25,26600.0,0,N,0.1782
LN-2178,53200,18,15.64,59,45200.0,false,N,0.0164
LN-2179,76300,36,14.54,58,19700.0,false,No,0.1159
LN-2180,96800,36,17.12,37,49900.0,FALSE,false,0.3161
LN-2181,61700,18,15.92,29,46000.0,No,no,0.0868
LN-2182,67700,24,16.78,35,,,1,0.3788
LN-2183,55100,24,15.19,55,27000.0,false,Yes,0.4231
LN-2184,66200,18,14.07,53,34400.0,FALSE,1,0.5068
LN-2185,101000,24,17.53,27,10000.0,no,FALSE,0.2274
LN-2186,110600,18,16.75,44,54500.0,N,FALSE,0.1927
LN-2187,95000,48,17.99,,24200.0,FALSE,true,0.3915
LN-2188,56600,18,12.9,37,46300.0,No,Yes,0.4271
LN-2189,33100,12,13.73,30,,0,1,0.4837
LN-2190,79100,24,18.09,54,39800.0,N,false,0.1938
LN-2191,98900,24,18.94,34,35400.0,false,yes,0.3563
LN-2192,63100,18,13.57,60,27100.0,No,FALSE,0.2737
LN-2193,71700,12,15.6,30,55200.0,no,false,0.0782
LN-2194,26800,24,14.1,58,46000.0,No,no,0.2108
LN-2195,54900,18,21.32,22,43600.0,Yes,yes,0.763
LN-2196,29600,36,12.84,49,14600.0,0,false,0.0648
LN-2197,90900,24,13.98,30,25500.0,No,FALSE,0.0725
LN-2198,54600,12,12.51,38,55000.0,false,Yes,0.4239
LN-2199,117100,18,21.17,46,34100.0,yes,Yes,0.7819
LN-2200,74300,24,16.54,28,48900.0,Y,Y,0.6824
LN-2201,71100,24,13.0,57,20100.0,no,FALSE,0.1873
LN-2202,53100,18,16.15,25,42900.0,FALSE,Y,0.3303
LN-2203,31600,12,15.43,58,14700.0,FALSE,0,0.0273
LN-2204,76400,12,16.47,23,41800.0,false,no,0.0601
LN-2205,100400,36,16.3,25,19600.0,FALSE,N,0.219
LN-2206,"Rs 68,000",18,16.69,29,37500.0,0,FALSE,0.1713
LN-2207,94900,18,14.81,43,53200.0,false,FALSE,0.2511
LN-2208,70300,12,15.45,38,45200.0,0,TRUE,0.4241
LN-2209,75400,18,15.33,21,36100.0,false,no,0.0991
LN-2210,38300,48,11.84,58,41600.0,false,No,0.0943
LN-2211,49000,24,15.18,25,48000.0,no,Y,0.4377
LN-2212,63800,24,13.43,30,23700.0,,false,0.262
LN-2213,51300,48,16.74,42,23200.0,no,yes,0.5617
LN-2214,38600,24,16.42,59,39900.0,No,TRUE,0.4394
LN-2215,93100,24,17.29,57,,false,FALSE,0.1344
LN-2216,54700,12,11.35,26,18900.0,no,No,0.1937
LN-2217,40400,12,14.6,48,34900.0,false,Y,0.4204
LN-2218,84900,18,20.13,54,43800.0,N,No,0.2392
LN-2219,80500,12,12.39,35,26400.0,No,FALSE,0.1534
LN-2220,"Rs 95,900",48,14.71,41,47000.0,N,false,0.0771
LN-2221,64200,12,19.77,43,40300.0,Yes,1,0.8087
LN-2222,57600,12,13.77,41,54400.0,no,no,0.1423
LN-2223,57800,36,14.12,24,37000.0,0,no,0.0889
LN-2224,70700,48,14.63,45,48000.0,false,false,0.233
LN-2225,69600,36,14.72,61,35800.0,false,No,0.1711
LN-2226,64800,18,16.61,24,31800.0,false,no,0.2986
LN-2227,63500,36,14.49,23,43600.0,FALSE,No,0.2596
LN-2228,83300,24,13.43,29,24300.0,no,no,0.1377
LN-2229,52000,12,11.03,,25400.0,FALSE,N,0.0636
LN-2230,88700,24,13.4,44,39700.0,0,true,0.3723
LN-2231,96100,18,22.55,39,65200.0,TRUE,yes,0.9223
LN-2232,61300,24,14.25,29,37200.0,No,No,0.2495
LN-2233,71700,12,15.42,52,53900.0,N,N,0.2778
LN-2234,34000,18,14.98,39,31000.0,false,No,0.1766
LN-2235,81500,48,12.84,46,48100.0,No,N,0.2218
LN-2236,101200,36,15.42,28,48400.0,no,FALSE,0.2114
LN-2237,97000,18,18.18,34,43900.0,No,FALSE,0.2191
LN-2238,50100,18,14.34,25,45300.0,,No,0.0126
LN-2239,108900,18,12.75,44,52200.0,false,no,0.1538
LN-2240,93300,18,18.58,25,21300.0,no,no,0.0206
LN-2241,103400,24,10.69,44,24500.0,false,Yes,0.4949
LN-2242,87300,24,18.0,21,47500.0,FALSE,Yes,0.3566
LN-2243,84100,18,16.35,61,15700.0,0,No,0.1632
LN-2244,90700,18,17.73,60,33700.0,false,FALSE,0.1686
LN-2245,10000,18,15.4,31,36500.0,N,0,0.0286
LN-2246,98000,24,11.54,55,30500.0,No,1,0.5578
LN-2247,33600,12,17.07,33,32600.0,N,No,0.0765
LN-2248,82400,18,15.61,53,28400.0,No,N,0.2312
LN-2249,77100,24,15.93,30,31300.0,FALSE,1,0.4287
LN-2250,36600,12,14.27,61,29500.0,false,No,0.2181
LN-2251,74100,24,15.48,33,38200.0,No,N,0.1298
LN-2252,59800,24,17.54,,29600.0,no,false,0.078
LN-2253,86100,18,15.98,58,44100.0,N,N,0.0457
LN-2254,69500,48,15.26,51,26000.0,Yes,Yes,0.8218
LN-2255,67200,24,17.79,46,22800.0,0,Yes,0.3863
LN-2256,80900,24,14.38,26,52200.0,N,no,0.0936
LN-2257,"Rs 51,000",18,14.02,54,,0,Y,0.6224
LN-2258,81600,24,14.6,46,50800.0,false,FALSE,0.1135
LN-2259,125800,48,16.87,41,35300.0,Yes,true,0.8815
LN-2260,131400,18,17.81,,21100.0,No,0,0.1437
LN-2261,79200,24,12.44,47,40300.0,N,FALSE,0.3077
LN-2262,"Rs 79,500",48,16.75,24,29400.0,No,0,0.2807
LN-2263,53600,24,17.48,45,23900.0,0,FALSE,0.056
LN-2264,72200,48,15.28,22,21100.0,FALSE,N,0.1639
LN-2265,67200,18,12.94,51,57000.0,No,No,0.2088
LN-2266,98600,48,19.92,49,49300.0,Y,TRUE,0.5919
LN-2267,77100,48,13.7,27,15000.0,N,No,0.1506
LN-2268,"Rs 43,300",12,10.51,49,20300.0,no,N,0.1371
LN-2269,75500,24,15.98,24,18400.0,0,0,0.1219
LN-2270,103300,12,16.36,60,41700.0,FALSE,0,0.2341
LN-2271,74100,18,12.41,22,,N,yes,0.8325
LN-2272,"Rs 60,500",36,15.91,49,47200.0,No,1,0.6452
LN-2273,"Rs 25,100",18,15.93,24,44600.0,false,no,0.0473
LN-2274,100900,24,18.77,33,39200.0,TRUE,true,0.4786
LN-2275,66300,18,17.27,31,32700.0,no,FALSE,0.182
LN-2276,109400,12,9.6,52,63800.0,0,yes,0.3947
LN-2277,109800,24,16.72,30,65200.0,No,Y,0.3578
LN-2278,50600,18,19.6,38,46100.0,No,no,0.0247
LN-2279,77900,12,14.32,53,29900.0,0,Yes,0.3672
LN-2280,95500,12,16.58,45,31600.0,no,no,0.0633
LN-2281,109900,24,24.56,43,28000.0,TRUE,1,0.6322
LN-2282,76000,18,13.77,37,not disclosed,0,N,0.2316
LN-2283,98000,36,16.07,26,10000.0,FALSE,yes,0.3809
LN-2284,23800,18,15.11,42,48000.0,FALSE,Yes,0.4743
LN-2285,92100,24,22.58,-1,59000.0,TRUE,Y,0.9514
LN-2286,84100,18,19.5,43,25000.0,no,no,0.053
LN-2287,62900,18,14.92,42,not disclosed,No,No,0.094
LN-2288,71200,48,15.76,45,45800.0,N,yes,0.5506
LN-2289,51000,12,17.51,35,37400.0,No,N,0.2195
LN-2290,89300,18,12.59,42,62100.0,false,No,0.1393
LN-2291,108600,18,15.51,57,28900.0,FALSE,FALSE,0.2504
LN-2292,34800,24,11.87,52,16900.0,No,FALSE,0.2695
LN-2293,48900,18,18.24,34,30400.0,No,0,0.2516
LN-2294,72800,24,11.35,21,22800.0,no,no,0.316
LN-2295,96600,18,16.89,23,40800.0,FALSE,yes,0.3259
LN-2296,"Rs 103,700",24,12.09,22,40000.0,FALSE,true,0.4958
LN-2297,24700,24,15.48,35,69900.0,false,yes,0.7771
LN-2298,64100,18,14.06,40,14100.0,0,No,0.0629
LN-2299,78000,12,12.53,29,47300.0,No,false,0.2486
LN-2300,48500,18,14.09,46,34800.0,FALSE,no,0.2724
LN-2301,67000,48,18.83,47,55200.0,1,yes,0.8848
LN-2302,63800,48,14.83,61,29100.0,false,no,0.0674
LN-2303,104700,12,16.34,24,37500.0,no,true,0.335
LN-2304,84400,24,16.88,38,39200.0,No,Y,0.6426
LN-2305,37800,24,16.51,22,29700.0,no,no,0.0518
LN-2306,109300,36,15.45,55,29300.0,No,FALSE,0.2372
LN-2307,72300,12,15.1,56,36800.0,0,FALSE,0.0728
LN-2308,42800,18,15.93,58,36500.0,no,false,0.0853
LN-2309,87900,12,19.77,51,63900.0,1,true,0.6808
LN-2310,106900,36,14.36,34,36900.0,No,FALSE,0.2693
LN-2311,"Rs 73,700",18,16.02,31,28400.0,No,no,0.0609
LN-2312,55900,18,13.67,27,49700.0,0,No,0.3149
LN-2313,"Rs 45,300",18,16.35,39,54000.0,no,yes,0.3328
LN-2314,90200,18,18.02,22,14700.0,No,false,0.0453
LN-2315,80900,24,16.5,46,28300.0,false,yes,0.8197
LN-2316,110800,12,16.24,28,24600.0,false,0,0.2787
LN-2317,77300,18,17.56,41,42000.0,0,true,0.4391
LN-2318,86200,36,17.63,47,43600.0,false,FALSE,0.2251
LN-2319,"Rs 72,700",18,14.88,55,not disclosed,0,false,0.0845
LN-2320,71900,24,14.08,38,10000.0,N,0,0.0627
LN-2321,96900,18,15.43,,23800.0,N,No,0.0908
LN-2322,91900,12,14.84,24,43400.0,N,TRUE,0.3467
LN-2323,65500,18,15.79,44,40900.0,0,Y,0.4936
LN-2324,27500,24,18.38,33,33500.0,N,FALSE,0.2804
LN-2325,56200,12,13.72,55,-1,N,no,0.1726
LN-2326,89800,24,12.77,44,25800.0,No,TRUE,0.3604
LN-2327,42800,24,15.39,46,27600.0,N,Yes,0.3933
LN-2328,61200,48,17.11,36,15800.0,FALSE,0,0.2647
LN-2329,80600,24,20.8,48,34000.0,Y,Y,0.812
LN-2330,57800,24,17.98,22,32400.0,no,Y,0.6434
LN-2331,36000,12,14.53,57,59900.0,no,FALSE,0.0755
LN-2332,63700,18,17.62,35,42900.0,false,no,0.1033
LN-2333,96200,18,14.85,50,31900.0,false,No,0.0498
LN-2334,93700,12,14.95,54,35300.0,0,false,0.1106
LN-2335,84100,24,15.15,41,40600.0,0,No,0.2682
LN-2336,75500,48,16.78,57,14800.0,false,Yes,0.4485
LN-2337,98800,24,21.56,47,42300.0,TRUE,true,0.3519
LN-2338,48600,36,16.0,60,55000.0,no,Y,0.7315
LN-2339,72200,24,17.07,54,31500.0,FALSE,no,0.1001
LN-2340,96700,24,18.53,32,38100.0,1,TRUE,0.6903
LN-2341,"Rs 74,000",12,17.76,51,33600.0,0,N,0.2506
LN-2342,67200,18,21.1,44,33600.0,1,Yes,0.8853
LN-2343,101900,12,14.3,54,28000.0,,no,0.1533
LN-2344,115400,12,15.34,28,47100.0,false,false,0.0578
LN-2345,47200,18,14.62,26,25500.0,no,Yes,0.5158
LN-2346,73000,36,17.42,26,54700.0,no,true,0.4693
LN-2347,67800,24,16.46,58,36000.0,No,FALSE,0.2033
LN-2348,17800,12,15.75,24,45100.0,FALSE,No,0.1048
LN-2349,105100,24,15.57,54,42900.0,Y,Y,0.9029
LN-2350,74400,18,12.94,48,10000.0,0,no,0.2183
LN-2351,60300,18,14.73,23,16300.0,,FALSE,0.1906
LN-2352,45100,36,16.73,27,35700.0,No,FALSE,0.2454
LN-2353,106700,24,16.81,40,30900.0,true,TRUE,0.8446
LN-2354,62900,48,12.14,,24900.0,false,no,0.095
LN-2355,67500,12,17.26,22,45000.0,false,0,0.3135
LN-2356,79300,48,15.93,26,42800.0,0,no,0.2116
LN-2357,35700,12,17.75,58,43000.0,No,1,0.4097
LN-2358,73100,24,14.18,47,31900.0,true,TRUE,0.4233
LN-2359,53900,24,18.44,51,36800.0,Y,Yes,0.7064
LN-2360,74400,36,14.57,48,26000.0,0,true,0.4712
LN-2361,"Rs 58,200",24,14.45,50,38200.0,no,N,0.2507
LN-2362,62400,12,17.77,22,31400.0,no,1,0.4653
LN-2363,74200,48,19.29,46,25200.0,0,false,0.0545
LN-2364,94300,18,16.6,59,55400.0,0,false,0.181
LN-2365,112000,12,12.95,44,25900.0,no,0,0.0666
LN-2366,55200,18,14.02,33,28500.0,false,No,0.1265
LN-2367,60200,12,13.51,49,30400.0,0,No,0.2405
LN-2368,"Rs 107,800",18,16.5,52,42900.0,no,FALSE,0.2241
LN-2369,88400,18,13.76,41,25300.0,N,false,0.1463
LN-2370,94400,12,17.26,51,40400.0,Yes,true,0.8869
LN-2371,105200,18,19.56,21,29400.0,TRUE,Y,0.8037
LN-2372,92000,18,17.35,54,19700.0,FALSE,No,0.2773
LN-2373,94700,18,14.29,31,43500.0,false,Y,0.3394
LN-2374,81500,36,18.55,47,32500.0,Y,Y,0.7926
LN-2375,62200,18,14.23,54,34600.0,false,Y,0.6183
LN-2376,44700,12,14.84,40,32400.0,N,TRUE,0.4468
LN-2377,88300,18,14.52,22,26500.0,false,0,0.2518
LN-2378,69500,18,22.47,55,43700.0,yes,Y,0.785
LN-2379,"Rs 74,700",18,16.06,32,38300.0,false,No,0.219
LN-2380,76700,48,15.65,44,35700.0,,1,0.4356
LN-2381,107900,24,15.36,41,16400.0,N,FALSE,0.2199
LN-2382,60100,24,14.39,40,27200.0,false,true,0.6448
LN-2383,44400,36,12.23,26,-1,no,No,0.1891
LN-2384,58600,24,16.66,48,10000.0,0,no,0.244
LN-2385,102100,18,17.04,21,32800.0,N,0,0.2824
LN-2386,82700,36,20.75,54,32900.0,TRUE,true,0.4845
LN-2387,60400,24,12.34,59,15800.0,no,0,0.0837
LN-2388,79200,24,17.97,28,35200.0,N,false,0.0374
LN-2389,68400,18,11.88,58,12400.0,no,no,0.0815
LN-2390,52800,24,14.63,47,35300.0,No,Y,0.32
LN-2391,61300,24,23.67,27,50900.0,1,true,0.7618
LN-2392,66700,18,16.39,26,27500.0,0,0,0.1151
LN-2393,63900,36,14.26,61,34500.0,no,no,0.2497
LN-2394,"Rs 47,000",12,14.93,53,40500.0,no,1,0.6272
LN-2395,"Rs 82,000",24,16.27,38,17400.0,No,false,0.0636
LN-2396,67500,24,15.68,54,27800.0,FALSE,No,0.1033
LN-2397,84900,48,13.91,24,43900.0,no,1,0.3254
LN-2398,76200,48,16.35,21,24900.0,N,0,0.1454
LN-2399,91900,12,15.37,31,36000.0,no,true,0.3969
LN-2400,136700,12,15.33,54,39300.0,TRUE,yes,0.7519
LN-2401,49800,36,15.42,39,38100.0,0,false,0.0657
LN-2402,52700,48,12.62,41,32300.0,no,true,0.4486
LN-2403,62200,24,17.63,38,10200.0,No,FALSE,0.1186
LN-2404,53000,12,13.68,36,42100.0,No,Yes,0.3358
LN-2405,48300,24,15.56,33,39700.0,N,FALSE,0.1082
LN-2406,78000,24,12.49,41,42900.0,FALSE,yes,0.707
LN-2407,87400,24,16.41,55,68100.0,No,,0.4407
LN-2408,69700,18,18.81,38,44000.0,no,Yes,0.418
LN-2409,84200,48,15.88,59,39700.0,No,N,0.0956
LN-2410,46900,24,16.88,29,33200.0,FALSE,1,0.4169
LN-2411,70800,18,13.88,60,25400.0,N,N,0.2443
LN-2412,56800,18,15.59,41,11700.0,0,FALSE,0.1473
LN-2413,61300,36,12.76,,51800.0,0,Yes,0.4016
LN-2414,41900,24,17.86,23,51300.0,no,No,0.1209
LN-2415,88000,36,17.71,32,-1,,0,0.1413
LN-2416,78000,24,15.67,44,31200.0,N,TRUE,0.3941
LN-2417,59400,24,16.09,24,50000.0,0,N,0.1717
LN-2418,86300,12,11.3,21,30700.0,FALSE,1,0.6033
LN-2419,74700,18,18.59,34,24600.0,1,Yes,0.8512
LN-2420,49500,36,19.9,33,35900.0,N,No,0.2494
LN-2421,34800,18,16.78,55,32200.0,no,TRUE,0.4013
LN-2422,51800,12,16.8,28,41700.0,No,Yes,0.4123
LN-2423,56100,36,19.42,54,33300.0,true,TRUE,0.7354
LN-2424,53100,48,13.59,61,44100.0,no,FALSE,0.1566
LN-2425,"Rs 94,400",18,11.86,23,32800.0,no,0,0.1305
LN-2426,44000,24,11.94,30,51000.0,0,TRUE,0.5024
LN-2427,10000,48,13.73,43,26600.0,No,false,0.1433
LN-2428,"Rs 71,800",12,16.68,44,56100.0,No,Yes,0.3243
LN-2429,60300,24,17.11,32,32100.0,,Y,0.3693
LN-2430,"Rs 52,200",18,15.53,46,43500.0,FALSE,Y,0.501
LN-2431,61300,24,14.0,48,37000.0,false,N,0.1191
LN-2432,101900,36,14.64,35,30300.0,N,1,0.427
LN-2433,33300,12,16.96,59,29400.0,No,false,0.2886
LN-2434,73800,18,18.6,42,26900.0,0,0,0.0269
LN-2435,89300,36,15.6,47,17900.0,No,0,0.1842
LN-2436,66600,12,15.88,28,24000.0,Y,Y,0.8426
LN-2437,47300,24,14.45,-1,17800.0,no,N,0.2156
LN-2438,"Rs 51,300",48,18.87,,46800.0,0,0,0.3183
LN-2439,97300,24,15.39,57,48900.0,No,No,0.0516
LN-2440,52600,12,16.06,52,23800.0,N,0,0.1994
LN-2441,70300,12,15.98,36,49800.0,no,true,0.3548
LN-2442,78300,24,16.63,50,49200.0,false,TRUE,0.7214
LN-2443,67200,24,14.02,42,44300.0,FALSE,FALSE,0.2177
LN-2444,82800,24,13.41,32,42400.0,N,FALSE,0.2727
LN-2445,20800,24,17.89,48,21100.0,false,FALSE,0.262
LN-2446,20700,48,18.07,52,37700.0,FALSE,Y,0.3346
LN-2447,69500,18,14.19,45,42100.0,N,false,0.3067
LN-2448,83200,12,16.38,61,30600.0,N,false,0.2361
LN-2449,71800,24,11.97,35,34500.0,FALSE,false,0.1648
LN-2450,"Rs 61,600",12,13.26,42,45400.0,0,0,0.1362
LN-2451,50900,36,15.16,35,26700.0,No,yes,0.4819
LN-2452,49600,24,15.0,32,37700.0,no,yes,0.3308
LN-2453,65000,18,14.5,28,47000.0,FALSE,No,0.1969
LN-2454,89300,18,13.25,37,19800.0,no,no,0.1747
LN-2455,55700,18,14.08,56,45300.0,No,Y,0.3857
LN-2456,57500,48,15.15,34,31800.0,N,Yes,0.4469
LN-2457,115100,24,12.46,29,35900.0,false,FALSE,0.2819
LN-2458,82800,36,15.5,53,29700.0,no,FALSE,0.2835
LN-2459,54000,24,16.06,47,32100.0,false,FALSE,0.0955
LN-2460,54500,18,13.53,58,36500.0,false,FALSE,0.1508
LN-2461,84000,24,14.74,48,not disclosed,No,false,0.0946
LN-2462,55600,36,12.83,23,37800.0,false,No,0.1051
LN-2463,67600,18,12.68,39,53100.0,no,N,0.0675
LN-2464,65000,12,15.92,25,29700.0,no,No,0.128
LN-2465,10400,24,17.22,38,37800.0,true,Y,0.5681
LN-2466,74800,12,16.34,40,40700.0,FALSE,FALSE,0.1501
LN-2467,103800,12,11.21,24,40500.0,N,1,0.5349
LN-2468,84200,24,17.14,28,-1,No,TRUE,0.4425
LN-2469,75700,18,14.91,53,,0,yes,0.5215
LN-2470,77700,48,18.6,44,31300.0,No,no,0.0341
LN-2471,93400,24,17.55,30,36200.0,No,,0.5354
LN-2472,79500,18,14.93,56,30600.0,N,no,0.0261
LN-2473,39100,24,13.81,60,46300.0,no,Y,0.3328
LN-2474,117700,48,14.35,38,53000.0,,no,0.2558
LN-2475,81100,48,13.77,22,,N,FALSE,0.0351
LN-2476,64200,48,16.88,49,52500.0,0,0,0.1055
LN-2477,85600,12,14.12,51,15900.0,0,Y,0.4064
LN-2478,61600,24,14.76,58,42900.0,No,0,0.2286
LN-2479,79300,18,16.49,37,33200.0,No,N,0.0177
LN-2480,91400,18,9.44,23,18300.0,0,false,0.1945
LN-2481,36400,12,13.25,28,39200.0,No,0,0.1613
LN-2482,43400,24,18.14,23,45300.0,N,0,0.1539
LN-2483,35000,24,13.77,24,39900.0,FALSE,Yes,0.4394
LN-2484,69800,12,15.48,48,23500.0,false,FALSE,0.3024
LN-2485,"Rs 65,300",12,21.08,21,45800.0,1,yes,0.5398
LN-2486,41700,36,15.46,41,37400.0,no,TRUE,0.3724
LN-2487,86100,18,14.74,56,34000.0,0,false,0.097
LN-2488,74300,48,15.2,33,62200.0,No,0,0.1407
LN-2489,81900,24,19.41,61,41700.0,TRUE,TRUE,0.5962
LN-2490,74000,24,15.59,33,29600.0,No,N,0.2738
LN-2491,79200,12,15.88,,33800.0,no,0,0.1643
LN-2492,65700,24,15.47,43,19000.0,N,false,0.2712
LN-2493,56800,36,13.36,36,17100.0,N,no,0.015
LN-2494,84300,24,13.23,49,41600.0,No,false,0.2347
LN-2495,66000,24,15.22,39,26500.0,no,Yes,0.3927
LN-2496,64600,12,19.34,49,33500.0,N,Y,0.3595
LN-2497,68500,24,17.4,36,35900.0,FALSE,No,0.269
LN-2498,65600,18,15.8,43,,FALSE,false,0.1714
LN-2499,58100,18,15.54,51,30900.0,no,TRUE,0.3916
LN-2500,88700,48,8.41,44,16500.0,false,0,0.2481
LN-2501,109500,18,14.72,59,60500.0,false,true,0.419
LN-2502,45600,12,18.23,46,29700.0,Y,TRUE,0.5574
LN-2503,72400,24,14.1,38,46300.0,No,1,0.6315
LN-2504,81700,18,13.96,44,20600.0,0,N,0.3173
LN-2505,83900,18,12.05,22,36100.0,N,Yes,0.584
LN-2506,85600,36,15.12,44,34000.0,false,no,0.0655
LN-2507,81600,12,14.97,22,33300.0,no,no,0.1868
LN-2508,90800,48,12.48,58,29300.0,No,No,0.1675
LN-2509,77100,12,13.82,33,44600.0,0,yes,0.4594
LN-2510,80300,36,18.54,53,29600.0,0,TRUE,0.6267
LN-2511,102000,18,14.93,36,45500.0,0,Yes,0.5862
LN-2512,102600,48,13.44,,15900.0,FALSE,TRUE,0.5029
LN-2513,63700,18,14.37,53,53600.0,No,false,0.2233
LN-2514,81500,48,13.99,46,32100.0,,N,0.2869
LN-2515,122800,18,18.03,52,13300.0,no,FALSE,0.3022
LN-2516,49400,24,18.25,32,24300.0,N,0,0.1451
LN-2517,121300,36,17.51,29,35500.0,TRUE,Y,0.7746
LN-2518,49600,18,13.74,27,41900.0,No,0,0.0693
LN-2519,99200,12,14.39,30,44700.0,FALSE,false,0.2252
LN-2520,100600,12,14.99,26,17500.0,no,Y,0.418
LN-2521,92200,24,14.74,24,43600.0,0,FALSE,0.1276
LN-2522,86000,36,18.18,39,34900.0,0,no,0.0575
LN-2523,47900,18,15.3,36,44800.0,No,0,0.1262
LN-2524,105100,36,14.66,40,36000.0,FALSE,TRUE,0.845
LN-2525,31800,24,14.02,52,29600.0,N,false,0.176
LN-2526,82300,36,11.83,30,10000.0,no,TRUE,0.3394
LN-2527,97200,36,14.0,60,56500.0,false,false,0.2231
LN-2528,41700,18,14.72,43,31100.0,no,false,0.2711
LN-2529,"Rs 109,200",12,20.42,47,34900.0,yes,TRUE,0.7224
LN-2530,65800,18,12.63,33,24800.0,no,FALSE,0.1735
LN-2531,66400,24,11.52,,27400.0,false,1,0.4825
LN-2532,57000,18,18.07,28,30300.0,false,Yes,0.6427
LN-2533,94000,18,14.35,55,38700.0,false,no,0.0268
LN-2534,95700,48,13.74,44,52800.0,false,yes,0.4388
LN-2535,87000,24,19.96,42,48600.0,yes,1,0.5736
LN-2536,61200,36,16.16,-1,27000.0,N,N,0.3148
LN-2537,65800,18,16.48,51,34700.0,no,N,0.1919
LN-2538,75300,24,16.25,30,54800.0,No,0,0.2192
LN-2539,23100,24,15.71,50,33900.0,,Y,0.3505
LN-2540,45100,18,13.19,28,,FALSE,no,0.1673
LN-2541,95500,18,15.2,38,38400.0,0,yes,0.3409
LN-2542,51800,24,11.21,52,55500.0,false,no,0.2695
LN-2543,71100,36,18.93,50,24200.0,1,yes,0.4013
LN-2544,44200,12,15.89,34,35700.0,FALSE,0,0.1701
LN-2545,67800,18,15.57,38,46900.0,No,N,0.2927
LN-2546,58000,18,16.12,28,26100.0,No,false,0.2415
LN-2547,85100,24,15.65,32,35800.0,N,,0.0435
LN-2548,68800,24,16.79,37,33600.0,no,FALSE,0.1896
LN-2549,80900,12,17.16,26,30500.0,FALSE,false,0.2789
LN-2550,56200,24,13.38,,37900.0,FALSE,TRUE,0.5968
LN-2551,75200,12,13.78,36,27600.0,No,TRUE,0.7525
LN-2552,142500,12,11.6,58,51900.0,N,FALSE,0.1351
LN-2553,87900,24,15.83,22,42500.0,No,FALSE,0.2347
LN-2554,38200,12,14.42,31,35900.0,FALSE,yes,0.4995
LN-2555,54600,12,13.86,46,55200.0,no,1,0.5193
LN-2556,61800,18,12.26,50,31900.0,0,false,0.1189
LN-2557,93200,24,20.86,25,21800.0,Y,TRUE,0.705
LN-2558,68300,24,15.92,45,35400.0,false,FALSE,0.2099
LN-2559,91400,24,14.51,49,30100.0,FALSE,0,0.0901
LN-2560,62800,18,13.97,44,47600.0,0,no,0.2827
LN-2561,81200,24,12.65,27,28300.0,No,1,0.5189
LN-2562,28800,24,14.33,39,39900.0,FALSE,FALSE,0.1823
LN-2563,73100,12,10.08,48,33100.0,N,0,0.0937
LN-2564,56300,24,17.4,42,32400.0,no,Yes,0.3393
LN-2565,70200,48,14.85,37,30300.0,false,yes,0.3958
LN-2566,100800,12,16.47,58,10000.0,N,false,0.0358
LN-2567,"Rs 70,500",12,14.86,48,23800.0,false,no,0.2792
LN-2568,73100,24,15.39,33,28500.0,false,FALSE,0.2326
LN-2569,98500,48,19.29,56,27600.0,1,TRUE,0.9882
LN-2570,71900,24,13.51,,34200.0,FALSE,No,0.055
LN-2571,30000,24,12.53,37,25700.0,N,FALSE,0.2029
LN-2572,84200,24,12.75,60,25700.0,no,No,0.1135
LN-2573,37500,36,14.89,58,34700.0,no,no,0.0624
LN-2574,75800,24,15.03,31,24900.0,FALSE,Yes,0.406
LN-2575,63000,24,14.16,51,25100.0,No,TRUE,0.5125
LN-2576,109600,48,14.6,34,10000.0,TRUE,true,0.7087
LN-2577,99400,24,13.42,56,30800.0,0,false,0.1136
LN-2578,82900,18,15.24,-1,28000.0,N,yes,0.7795
LN-2579,45200,24,18.46,48,28600.0,no,true,0.5168
LN-2580,73000,24,16.09,61,21000.0,0,TRUE,0.5348
LN-2581,98000,24,13.37,29,30800.0,N,no,0.0518
LN-2582,"Rs 57,600",12,14.81,45,33100.0,false,false,0.0679
LN-2583,86500,48,14.69,46,,No,FALSE,0.1112
LN-2584,67600,24,12.61,22,54900.0,N,yes,0.4032
LN-2585,95000,12,15.04,29,54600.0,no,no,0.0892
LN-2586,97300,24,15.94,41,52100.0,false,true,0.4104
LN-2587,97100,12,16.19,,39100.0,1,Yes,0.8628
LN-2588,74800,24,14.09,44,22800.0,no,Yes,0.6922
LN-2589,80200,18,13.37,49,34500.0,no,no,0.2904
LN-2590,85600,24,15.6,61,21900.0,N,true,0.3679
LN-2591,43000,36,13.46,30,49700.0,no,TRUE,0.5879
LN-2592,113800,18,12.95,22,39800.0,FALSE,N,0.0894
LN-2593,77500,24,13.81,42,,FALSE,yes,0.4514
LN-2594,66000,48,17.55,60,46300.0,N,false,0.1998
LN-2595,76400,24,14.99,38,47500.0,no,no,0.3082
LN-2596,69600,12,15.37,40,49500.0,N,No,0.2885
LN-2597,"Rs 59,600",24,13.08,53,38600.0,false,No,0.1102
LN-2598,33900,24,13.45,49,21200.0,0,true,0.3378
LN-2599,83700,12,18.97,43,44400.0,no,No,0.0469
LN-2600,71200,12,13.83,54,32500.0,No,0,0.2586
LN-2601,39100,18,13.42,32,,FALSE,No,0.2948
LN-2602,68700,18,13.87,60,50300.0,false,Y,0.4249
LN-2603,49300,18,16.01,40,54500.0,no,No,0.3088
LN-2604,103300,18,15.61,59,30800.0,yes,true,0.601
LN-2605,86700,24,16.42,24,18600.0,No,No,0.283
LN-2606,62900,24,13.08,55,34600.0,FALSE,true,0.4409
LN-2607,54100,48,14.65,22,54500.0,FALSE,N,0.1043
LN-2608,86600,12,16.4,33,22900.0,Y,Yes,0.6114
LN-2609,92400,24,15.81,58,36300.0,No,N,0.1348
LN-2610,39100,12,14.86,29,44900.0,no,no,0.2792
LN-2611,92600,24,15.61,47,33100.0,0,No,0.1218
LN-2612,69900,18,15.54,37,48200.0,FALSE,N,0.182
LN-2613,"Rs 76,100",36,18.79,51,39800.0,false,N,0.0975
LN-2614,60500,24,16.02,25,35000.0,N,0,0.1849
LN-2615,94700,12,14.86,35,44200.0,no,1,0.6637
LN-2616,120100,12,20.21,30,24500.0,Yes,yes,0.7286
LN-2617,61800,24,16.76,30,36600.0,N,no,0.0624
LN-2618,57800,18,14.21,40,31500.0,N,N,0.0428
LN-2619,83700,18,17.4,39,49900.0,false,true,0.3608
LN-2620,104400,48,19.17,51,36400.0,N,false,0.2234
LN-2621,78200,48,14.57,28,42800.0,false,N,0.2511
LN-2622,116800,24,13.98,48,,No,false,0.1494
LN-2623,41500,12,16.34,48,10900.0,N,false,0.2121
LN-2624,68400,48,17.05,49,41300.0,1,Y,0.8163
LN-2625,86000,18,17.58,36,25500.0,false,yes,0.4415
LN-2626,30000,24,15.76,57,33100.0,FALSE,No,0.1432
LN-2627,91800,18,13.26,48,33200.0,FALSE,N,0.2728
LN-2628,66600,24,13.34,46,25600.0,No,yes,0.5991
LN-2629,84400,24,16.01,25,30400.0,1,1,0.4697
LN-2630,67100,12,19.4,28,52500.0,false,false,0.1525
LN-2631,88200,18,19.61,59,28600.0,Yes,1,0.8491
LN-2632,"Rs 57,100",48,19.7,27,34100.0,0,no,0.288
LN-2633,71600,18,14.91,37,not disclosed,false,No,0.1963
LN-2634,75400,36,17.5,59,34900.0,FALSE,No,0.0245
LN-2635,100900,24,16.57,45,41000.0,N,yes,0.4856
LN-2636,45700,48,15.64,32,32400.0,No,1,0.3403
LN-2637,50400,18,15.16,45,17500.0,0,No,0.3186
LN-2638,72800,48,13.45,52,46500.0,0,yes,0.3249
LN-2639,78500,24,16.06,57,44100.0,FALSE,0,0.3197
LN-2640,69700,24,16.9,26,36100.0,N,0,0.0635
LN-2641,60100,24,15.15,25,34700.0,no,FALSE,0.0545
LN-2642,87100,24,15.11,30,42700.0,0,FALSE,0.0439
LN-2643,115400,18,18.34,29,37100.0,false,false,0.2508
LN-2644,"Rs 62,600",48,16.04,46,13000.0,N,N,0.1288
LN-2645,95600,12,13.45,48,not disclosed,0,No,0.1194
LN-2646,75500,24,12.85,41,53300.0,N,,0.2829
LN-2647,62200,12,13.88,,50600.0,yes,yes,0.8332
LN-2648,55600,24,17.41,54,18400.0,1,1,0.8028
LN-2649,77200,18,17.48,34,25000.0,N,no,0.3184
LN-2650,66400,24,15.66,29,41400.0,Y,true,0.8932
LN-2651,65300,48,16.46,39,51100.0,No,N,0.2625
LN-2652,43000,24,14.79,32,21000.0,false,yes,0.5277
LN-2653,76500,18,15.11,23,21800.0,no,1,0.3783
LN-2654,73100,18,16.75,34,47900.0,FALSE,Yes,0.4111
LN-2655,72600,24,19.29,33,51200.0,FALSE,yes,0.4319
LN-2656,38800,36,13.05,45,37500.0,no,No,0.1836
LN-2657,"Rs 68,700",12,23.86,45,24000.0,TRUE,1,0.4363
LN-2658,146300,18,18.57,58,33800.0,Yes,Y,0.8589
LN-2659,74700,12,14.45,53,27800.0,0,no,0.2427
LN-2660,54300,48,13.81,30,28900.0,no,Y,0.6823
LN-2661,74700,18,15.02,24,25100.0,false,FALSE,0.17
LN-2662,117600,24,14.74,31,49400.0,0,false,0.2439
LN-2663,72400,18,11.54,22,37100.0,0,true,0.4646
LN-2664,73400,18,14.2,26,39200.0,No,yes,0.7469
LN-2665,78500,18,13.56,60,62600.0,N,0,0.0927
LN-2666,47000,24,11.82,58,28100.0,no,0,0.0215
LN-2667,99000,48,16.11,58,40700.0,0,No,0.2986
LN-2668,88500,48,14.36,31,24700.0,no,FALSE,0.0863
LN-2669,65400,12,14.22,21,22500.0,false,,0.1752
LN-2670,"Rs 71,700",12,15.04,53,30500.0,FALSE,true,0.4745
LN-2671,48100,12,13.31,61,16300.0,N,0,0.0243
LN-2672,43000,24,13.06,33,19500.0,N,yes,0.3274
LN-2673,84200,24,14.55,29,32200.0,false,1,0.4082
LN-2674,36800,24,12.81,37,53800.0,false,FALSE,0.0175
LN-2675,71600,36,16.29,45,25400.0,No,1,0.6479
LN-2676,63200,24,13.72,,22300.0,no,false,0.2134
LN-2677,79400,18,16.06,36,35700.0,N,No,0.1205
LN-2678,79400,18,15.61,61,35800.0,N,N,0.2322
LN-2679,139400,24,16.95,45,35000.0,Yes,yes,0.9408
LN-2680,60100,24,16.63,43,40300.0,0,TRUE,0.3448
LN-2681,37500,12,13.89,21,24000.0,false,FALSE,0.1222
LN-2682,88700,18,15.28,30,10000.0,N,No,0.1374
LN-2683,78800,12,14.72,61,27700.0,0,no,0.1301
LN-2684,60500,18,13.34,52,41800.0,no,Y,0.3651
LN-2685,55100,12,15.67,40,32900.0,No,no,0.2656
LN-2686,93700,12,18.44,22,54500.0,FALSE,TRUE,0.4629
LN-2687,76600,24,15.31,57,31200.0,0,N,0.0973
LN-2688,"Rs 94,600",18,13.5,42,41700.0,false,no,0.1022
LN-2689,70100,24,14.94,22,43500.0,0,0,0.1953
LN-2690,57300,24,17.39,22,36200.0,0,,0.1932
LN-2691,10000,12,17.63,26,52200.0,N,Yes,0.4145
LN-2692,72500,48,17.61,50,-1,false,No,0.2553
LN-2693,36800,48,18.11,34,39200.0,Y,Y,0.6423
LN-2694,45200,36,11.78,44,63100.0,N,TRUE,0.7839
LN-2695,80500,24,16.35,42,38100.0,No,FALSE,0.0371
LN-2696,75700,48,13.3,34,21300.0,false,FALSE,0.1222
LN-2697,50800,24,14.03,26,38900.0,0,No,0.2707
LN-2698,93000,18,15.4,29,26400.0,N,Yes,0.5664
LN-2699,43200,24,16.22,56,56700.0,N,1,0.4149
LN-2700,120500,18,17.95,25,36200.0,No,false,0.3056
LN-2701,44800,12,18.31,41,37500.0,N,N,0.1556
LN-2702,77000,24,15.1,37,10000.0,false,Yes,0.4982
LN-2703,111700,24,16.44,39,,no,1,0.3751
LN-2704,24100,18,21.74,-1,28300.0,true,1,0.5459
LN-2705,88900,48,17.34,39,27100.0,false,0,0.1256
LN-2706,93300,18,11.63,32,26200.0,FALSE,no,0.2253
LN-2707,55700,24,14.58,46,38400.0,FALSE,0,0.0921
LN-2708,67500,18,16.91,51,19000.0,N,Yes,0.5314
LN-2709,87600,12,17.19,28,34800.0,FALSE,Yes,0.639
LN-2710,62400,12,17.79,59,53900.0,0,yes,0.3763
LN-2711,67700,12,16.84,55,37000.0,false,yes,0.5139
LN-2712,81000,24,14.05,29,35000.0,N,FALSE,0.2093
LN-2713,77300,12,13.37,35,-1,FALSE,FALSE,0.0216
LN-2714,93300,24,15.41,26,33100.0,FALSE,TRUE,0.596
LN-2715,"Rs 55,300",18,14.98,58,23800.0,false,FALSE,0.0797
LN-2716,23900,18,17.53,38,16600.0,0,FALSE,0.1115
LN-2717,96000,18,20.56,51,38300.0,yes,1,0.9457
LN-2718,85600,12,16.07,46,23500.0,no,No,0.0251
LN-2719,43500,24,11.9,51,32000.0,FALSE,yes,0.4187
LN-2720,77200,12,14.64,36,37800.0,N,N,0.1521
LN-2721,45100,24,16.01,38,53400.0,0,TRUE,0.3536
LN-2722,92300,48,14.09,25,48100.0,false,false,0.1934
LN-2723,16500,18,11.82,27,20400.0,false,no,0.1101
LN-2724,54200,12,14.84,55,38600.0,0,false,0.0658
LN-2725,83100,24,15.28,54,41100.0,0,TRUE,0.5799
LN-2726,59200,18,17.26,30,13500.0,N,TRUE,0.3484
LN-2727,"Rs 75,700",24,16.86,36,43900.0,false,N,0.1656
LN-2728,76400,12,12.92,34,22800.0,No,0,0.3047
LN-2729,45200,18,16.79,59,35400.0,no,N,0.2397
LN-2730,75900,18,13.73,61,47300.0,FALSE,0,0.009
LN-2731,"Rs 69,300",12,17.07,56,33600.0,0,1,0.4366
LN-2732,95700,12,14.51,35,25700.0,FALSE,N,0.2351
LN-2733,77900,36,14.6,,32300.0,FALSE,no,0.3011
LN-2734,57600,18,15.54,53,37900.0,false,,0.0803
LN-2735,49700,18,12.06,35,16400.0,false,no,0.2388
LN-2736,72600,48,14.16,36,57600.0,0,no,0.1377
LN-2737,94000,24,14.99,38,53100.0,No,true,0.4778
LN-2738,53900,12,11.84,49,26000.0,0,false,0.2009
LN-2739,59300,18,13.13,27,22400.0,No,No,0.1647
LN-2740,114400,24,17.06,21,54700.0,FALSE,Yes,0.3771
LN-2741,71500,12,17.08,30,44900.0,no,Y,0.4263
LN-2742,95600,24,14.36,44,14200.0,No,1,0.3381
LN-2743,105100,24,16.57,22,34100.0,N,FALSE,0.248
LN-2744,75300,18,18.85,24,24500.0,N,No,0.1247
LN-2745,55900,48,16.96,23,37000.0,no,1,0.4967
LN-2746,20900,12,13.76,21,56900.0,false,Y,0.4102
LN-2747,88700,18,13.83,54,,0,true,0.6218
LN-2748,28400,48,14.28,35,45300.0,0,1,0.6296
LN-2749,61200,24,14.04,58,25000.0,,No,0.2989
LN-2750,37300,12,12.56,,29600.0,0,N,0.1675
LN-2751,76800,48,14.44,43,,FALSE,N,0.2352
LN-2752,79000,24,14.18,24,39300.0,No,FALSE,0.1256
LN-2753,80600,12,13.89,37,56100.0,FALSE,Yes,0.3269
LN-2754,75200,24,14.31,24,,N,1,0.4272
LN-2755,32000,36,13.5,57,44600.0,FALSE,FALSE,0.1338
LN-2756,47200,24,14.59,45,43600.0,No,FALSE,0.2666
LN-2757,92700,24,16.07,29,29800.0,yes,1,0.8201
LN-2758,35600,24,15.63,52,43200.0,FALSE,no,0.1808
LN-2759,41600,48,16.94,24,44500.0,false,Y,0.5647
LN-2760,80700,18,20.63,46,24800.0,no,No,0.2608
LN-2761,83700,18,16.59,41,40100.0,No,no,0.1718
LN-2762,113300,18,20.69,22,34800.0,Yes,TRUE,0.5538
LN-2763,86700,12,13.03,31,26100.0,N,N,0.2074
LN-2764,37800,48,17.37,32,26900.0,FALSE,no,0.161
LN-2765,70800,12,17.79,-1,38500.0,false,TRUE,0.3215
LN-2766,65900,18,15.81,23,51600.0,N,N,0.0954
LN-2767,47000,36,12.94,29,14800.0,No,No,0.2855
LN-2768,77000,12,19.38,50,50700.0,Y,yes,0.7439
LN-2769,35500,12,12.98,42,25800.0,no,no,0.171
LN-2770,67700,12,13.03,52,42000.0,FALSE,Y,0.3375
LN-2771,95500,12,16.98,53,32500.0,false,0,0.1292
LN-2772,64400,24,12.47,61,31700.0,no,N,0.0188
LN-2773,85000,12,14.77,31,40800.0,No,false,0.1712
LN-2774,53200,18,17.81,55,53300.0,FALSE,No,0.2518
LN-2775,56900,12,18.67,29,,true,yes,0.924
LN-2776,70200,18,20.67,25,44600.0,1,Yes,0.6015
LN-2777,40200,12,14.06,49,49500.0,0,No,0.1078
LN-2778,49600,12,15.57,21,11700.0,FALSE,false,0.1423
LN-2779,75500,48,15.08,36,10000.0,N,yes,0.6707
LN-2780,"Rs 98,500",18,14.48,48,29700.0,FALSE,N,0.085
LN-2781,39600,24,14.0,44,24100.0,FALSE,Y,0.4788
LN-2782,73800,24,14.31,61,10800.0,FALSE,N,0.1723
LN-2783,100900,48,15.8,33,29600.0,no,No,0.2937
LN-2784,97900,18,13.64,46,31300.0,FALSE,TRUE,0.6245
LN-2785,79600,12,19.17,32,10000.0,TRUE,TRUE,0.8185
LN-2786,85800,18,14.12,35,35200.0,No,No,0.0784
LN-2787,85100,36,16.41,51,not disclosed,FALSE,No,0.2345
LN-2788,65900,18,13.75,,39900.0,no,Y,0.4302
LN-2789,112900,24,15.12,26,,N,0,0.2456
LN-2790,67900,24,17.43,40,14500.0,no,yes,0.6346
LN-2791,110600,48,16.14,40,54000.0,false,no,0.275
LN-2792,57500,48,13.07,47,34100.0,FALSE,FALSE,0.0467
LN-2793,"Rs 68,400",48,12.95,57,40900.0,N,FALSE,0.1205
LN-2794,"Rs 42,100",18,16.51,59,31400.0,No,No,0.0857
LN-2795,25400,36,15.55,21,42500.0,No,TRUE,0.4872
LN-2796,85100,18,13.86,59,28200.0,false,FALSE,0.1497
LN-2797,62600,12,15.54,46,35000.0,FALSE,FALSE,0.1435
LN-2798,75400,12,15.5,44,47200.0,0,No,0.0525
LN-2799,"Rs 70,900",24,14.89,35,25700.0,N,0,0.179
LN-2800,102900,18,13.89,30,23100.0,No,N,0.234
LN-2801,85000,24,16.1,27,30600.0,No,true,0.4768
LN-2802,50800,48,15.69,43,29400.0,N,false,0.2946
LN-2803,69400,18,15.47,29,45700.0,FALSE,false,0.2565
LN-2804,40500,24,13.38,42,38200.0,N,yes,0.3689
LN-2805,70800,18,13.74,27,42900.0,No,FALSE,0.1387
LN-2806,97800,12,13.09,44,17000.0,N,Y,0.4671
LN-2807,54200,36,15.68,37,38000.0,N,N,0.2304
LN-2808,83900,12,12.25,30,43200.0,FALSE,no,0.2151
LN-2809,33200,12,13.12,52,21900.0,No,Yes,0.4201
LN-2810,87300,12,16.39,50,46200.0,No,false,0.2136
LN-2811,71100,24,10.86,29,40200.0,FALSE,FALSE,0.1968
LN-2812,77400,36,17.23,43,10200.0,FALSE,0,0.151
LN-2813,63400,48,16.53,61,38800.0,0,yes,0.3977
LN-2814,55700,48,16.22,25,18600.0,FALSE,N,0.1061
LN-2815,123500,24,17.73,,27900.0,TRUE,yes,0.6238
LN-2816,"Rs 68,800",12,15.23,42,20300.0,false,Yes,0.5025
LN-2817,68100,24,16.21,39,37700.0,No,yes,0.4933
LN-2818,58200,18,17.73,44,56900.0,,no,0.1503
LN-2819,99600,24,15.58,39,14700.0,0,false,0.2254
LN-2820,96200,24,17.85,51,57100.0,0,FALSE,0.1218
LN-2821,114500,48,15.16,41,,false,Yes,0.5505
LN-2822,73200,48,10.32,27,42500.0,no,N,0.2404
LN-2823,106800,24,14.41,34,31500.0,no,No,0.0996
LN-2824,76500,18,14.05,46,44800.0,0,No,0.2405
LN-2825,74200,24,18.51,29,35600.0,No,FALSE,0.2589
LN-2826,37900,18,14.08,54,45500.0,FALSE,TRUE,0.3963
LN-2827,92400,48,14.33,36,49000.0,FALSE,0,0.1317
LN-2828,91500,12,14.54,58,34300.0,FALSE,No,0.2335
LN-2829,67800,12,16.04,45,43000.0,N,0,0.1853
LN-2830,76300,36,13.24,54,26300.0,false,0,0.2245
LN-2831,78100,36,13.65,58,32500.0,FALSE,true,0.6112
LN-2832,44900,12,16.95,42,36400.0,FALSE,false,0.0676
LN-2833,45600,24,13.52,29,33200.0,false,false,0.1028
LN-2834,55300,18,12.42,55,,0,Yes,0.3393
LN-2835,67400,18,15.68,23,48000.0,N,Yes,0.4336
LN-2836,66500,18,17.11,,42000.0,no,yes,0.5689
LN-2837,84000,18,17.94,33,41100.0,No,N,0.3125
LN-2838,40400,36,17.13,60,23900.0,0,false,0.3118
LN-2839,110700,12,16.91,32,27300.0,No,No,0.0646
LN-2840,60400,24,16.89,22,41500.0,0,0,0.0491
LN-2841,77700,12,14.31,44,32900.0,FALSE,FALSE,0.2769
LN-2842,68400,24,21.12,41,52500.0,no,Yes,0.4769
LN-2843,80700,18,14.75,24,30100.0,FALSE,N,0.1513
LN-2844,"Rs 79,400",18,15.39,56,32100.0,false,false,0.1079
LN-2845,27100,24,13.96,38,35000.0,No,0,0.0439
LN-2846,68900,18,20.41,-1,22200.0,FALSE,FALSE,0.2657
LN-2847,108000,18,15.81,48,37800.0,No,Y,0.3845
LN-2848,72900,12,15.58,54,12100.0,no,Yes,0.344
LN-2849,78000,24,16.63,27,28400.0,N,false,0.2858
LN-2850,72700,12,14.81,48,37000.0,false,no,0.0913
LN-2851,98500,48,15.51,25,49400.0,No,no,0.1529
LN-2852,59700,18,17.73,60,47700.0,false,Y,0.8357
LN-2853,91000,12,16.51,48,45900.0,1,true,0.5831
LN-2854,78300,48,17.37,44,33500.0,false,1,0.5013
LN-2855,"Rs 98,300",12,17.49,33,34600.0,0,Y,0.3272
LN-2856,89900,24,11.99,36,24800.0,false,Yes,0.3802
LN-2857,69300,36,16.61,47,34100.0,Y,Yes,0.5065
LN-2858,60000,18,16.41,53,47200.0,N,No,0.1648
LN-2859,68200,12,16.95,38,26700.0,No,N,0.0402
LN-2860,84200,18,13.06,30,45100.0,false,N,0.0532
LN-2861,78500,18,19.65,27,53500.0,no,0,0.182
LN-2862,42700,18,15.27,40,44100.0,no,false,0.1429
LN-2863,51200,18,12.79,24,34900.0,false,no,0.0288
LN-2864,82800,36,13.49,60,25000.0,N,Yes,0.3291
LN-2865,62100,24,15.94,60,55800.0,No,FALSE,0.2656
LN-2866,61600,12,13.16,44,44300.0,no,no,0.0544
LN-2867,58800,12,17.43,32,21700.0,TRUE,1,0.6251
LN-2868,53100,12,16.41,43,46600.0,N,No,0.0527
LN-2869,51800,12,18.5,42,39400.0,No,false,0.1142
LN-2870,65500,24,14.0,60,43900.0,N,yes,0.3244
LN-2871,89100,18,13.1,29,29300.0,false,N,0.2881
LN-2872,88500,18,15.8,22,13100.0,FALSE,No,0.0865
LN-2873,44500,12,18.51,31,34600.0,N,No,0.3098
LN-2874,50500,36,18.08,55,46900.0,false,Yes,0.4621
LN-2875,73100,24,15.95,56,57300.0,no,Y,0.3819
LN-2876,61600,12,16.42,50,-1,N,false,0.1048
LN-2877,83000,24,12.42,35,45000.0,FALSE,No,0.18
LN-2878,69800,36,17.55,24,49700.0,0,yes,0.4046
LN-2879,78000,12,12.98,31,41900.0,FALSE,0,0.0278
LN-2880,79200,24,15.64,60,49800.0,N,FALSE,0.1246
LN-2881,136600,48,18.91,46,42800.0,,Yes,0.809
LN-2882,72600,18,17.16,26,46200.0,0,No,0.0722
LN-2883,86800,18,14.78,22,13700.0,FALSE,false,0.211
LN-2884,90200,24,14.76,32,60100.0,FALSE,TRUE,0.5202
LN-2885,63600,18,15.37,,37800.0,FALSE,no,0.1881
LN-2886,"Rs 85,800",24,16.36,52,61000.0,false,Yes,0.5574
LN-2887,67600,24,17.35,31,50000.0,N,Y,0.6896
LN-2888,67100,48,14.59,31,13400.0,0,0,0.2621
LN-2889,79200,12,16.26,50,50400.0,N,no,0.1685
LN-2890,81900,24,12.25,42,,0,Yes,0.5041
LN-2891,"Rs 128,900",36,15.0,33,30300.0,N,0,0.2139
LN-2892,40300,24,15.44,39,45900.0,false,true,0.402
LN-2893,54100,24,11.07,,38300.0,FALSE,1,0.482
LN-2894,52900,24,16.66,57,56100.0,no,false,0.0201
LN-2895,"Rs 86,500",48,19.52,42,19300.0,N,true,0.3778
LN-2896,86300,24,12.77,46,36700.0,FALSE,Y,0.4923
LN-2897,93900,18,17.95,21,,0,0,0.2604
LN-2898,45200,36,16.98,52,45100.0,FALSE,false,0.0988
LN-2899,53700,12,13.78,37,64800.0,N,No,0.2652
LN-2900,"Rs 80,300",24,13.06,27,41700.0,FALSE,Yes,0.5036
LN-2901,64000,12,14.17,35,33400.0,No,No,0.31
LN-2902,72900,24,15.2,34,33700.0,FALSE,N,0.0438
LN-2903,107600,24,20.83,36,,yes,Yes,0.7358
LN-2904,111600,48,16.59,36,16200.0,FALSE,FALSE,0.1462
LN-2905,77800,24,21.05,60,32200.0,1,true,0.6664
LN-2906,70400,24,13.58,57,39000.0,1,Yes,0.844
LN-2907,83500,24,13.39,47,16100.0,No,yes,0.4818
LN-2908,87400,18,18.7,23,43400.0,no,true,0.5356
LN-2909,"Rs 99,200",18,19.77,36,25800.0,TRUE,true,0.9002
LN-2910,56800,48,11.77,56,34200.0,no,No,0.2238
LN-2911,37000,12,18.3,30,44500.0,N,yes,0.7975
LN-2912,51100,48,14.39,21,38700.0,N,Yes,0.4077
LN-2913,80300,48,17.85,33,30200.0,N,Yes,0.3354
LN-2914,75500,24,16.82,29,33100.0,Yes,true,0.7196
LN-2915,52800,48,17.86,24,,no,Yes,0.5445
LN-2916,37600,18,18.11,24,29700.0,No,yes,0.3436
LN-2917,68800,24,20.92,28,37500.0,no,0,0.0749
LN-2918,88900,48,15.93,54,49000.0,No,Y,0.4269
LN-2919,48600,18,17.23,21,46900.0,0,N,0.1194
LN-2920,84900,24,12.34,44,17200.0,No,true,0.4198
LN-2921,66200,12,14.52,32,55500.0,No,N,0.0603
LN-2922,73000,12,17.48,38,46300.0,Y,yes,0.7223
LN-2923,85900,18,15.22,29,35300.0,0,No,0.1826
LN-2924,83300,18,20.05,56,26000.0,yes,Y,0.7999
LN-2925,80500,18,12.91,23,21800.0,N,0,0.1909
LN-2926,"Rs 76,100",24,15.04,23,29800.0,0,TRUE,0.4925
LN-2927,55500,18,16.16,37,26800.0,false,0,0.1639
LN-2928,65400,12,10.96,35,60000.0,No,FALSE,0.2564
LN-2929,67800,24,15.01,33,15200.0,No,Y,0.8515
LN-2930,96700,24,17.0,52,34700.0,0,N,0.0389
LN-2931,93200,24,16.66,-1,not disclosed,No,no,0.3095
LN-2932,70400,18,15.41,34,not disclosed,0,FALSE,0.0655
LN-2933,31300,24,14.68,23,22700.0,,N,0.1921
LN-2934,66600,48,13.82,47,37400.0,No,0,0.096
LN-2935,42100,48,17.45,46,32500.0,0,TRUE,0.5316
LN-2936,67300,18,14.53,43,45400.0,FALSE,FALSE,0.0637
LN-2937,65600,36,16.4,51,48700.0,N,true,0.4075
LN-2938,34900,18,18.8,-1,43600.0,no,1,0.3469
LN-2939,51600,24,17.33,38,26400.0,0,FALSE,0.1819
LN-2940,75400,24,15.01,26,24800.0,N,FALSE,0.0214
LN-2941,59000,24,15.33,48,33200.0,no,N,0.2284
LN-2942,58700,24,14.73,45,13300.0,0,1,0.5696
LN-2943,64500,12,16.07,37,38300.0,false,FALSE,0.1615
LN-2944,57900,24,13.0,57,51200.0,No,FALSE,0.0473
LN-2945,68900,24,12.37,41,49500.0,No,false,0.0553
LN-2946,57800,18,13.36,50,19100.0,false,true,0.3826
LN-2947,53100,24,14.62,29,32600.0,FALSE,Y,0.5156
LN-2948,74800,24,14.92,42,22200.0,N,0,0.1545
LN-2949,82600,24,17.48,53,30900.0,No,Yes,0.4459
LN-2950,36800,12,12.02,24,26100.0,0,0,0.2701
LN-2951,90600,18,16.25,61,20500.0,N,false,0.1447
LN-2952,140800,36,14.61,48,38900.0,Yes,Yes,0.7596
LN-2953,80600,24,15.01,37,10000.0,No,0,0.2521
LN-2954,75000,36,16.68,25,16200.0,0,no,0.1709
LN-2955,81600,18,15.36,23,33300.0,FALSE,No,0.1602
LN-2956,78800,48,13.08,32,44900.0,0,0,0.188
LN-2957,58800,24,15.39,34,29800.0,N,no,0.1291
LN-2958,37700,18,15.49,59,22700.0,no,N,0.2714
LN-2959,103800,12,15.95,21,44400.0,FALSE,Y,0.4737
LN-2960,78100,24,18.05,33,36200.0,no,0,0.042
LN-2961,79000,24,13.43,51,60500.0,FALSE,no,0.2227
LN-2962,82300,24,16.21,50,39600.0,false,no,0.2502
LN-2963,87800,36,14.82,24,47700.0,0,N,0.0583
LN-2964,"Rs 61,300",18,14.11,50,51300.0,no,Yes,0.5067
LN-2965,80300,12,17.56,55,51500.0,No,No,0.2167
LN-2966,72000,18,16.01,50,28000.0,No,FALSE,0.2137
LN-2967,96600,24,15.79,47,55700.0,0,N,0.2522
LN-2968,60800,24,16.35,42,33600.0,FALSE,TRUE,0.3988
LN-2969,76800,18,16.88,34,35500.0,true,true,0.7564
LN-2970,44200,18,17.88,23,49500.0,No,yes,0.7202
LN-2971,111500,12,11.68,26,33100.0,FALSE,no,0.051
LN-2972,74800,12,16.2,37,42900.0,N,FALSE,0.1709
LN-2973,54700,18,13.88,24,35200.0,no,No,0.0173
LN-2974,61700,12,17.26,46,33700.0,0,Yes,0.6166
LN-2975,106200,18,21.66,31,33500.0,true,Yes,0.3398
LN-2976,70000,24,19.96,60,33000.0,,No,0.0254
LN-2977,29200,18,15.91,44,45800.0,N,FALSE,0.2556
LN-2978,45900,18,10.08,45,29700.0,FALSE,true,0.4852
LN-2979,63300,36,14.65,34,48500.0,FALSE,FALSE,0.096
LN-2980,113200,24,17.67,57,13500.0,No,yes,0.3245
LN-2981,69200,48,15.6,36,33200.0,N,false,0.2801
LN-2982,74700,18,11.72,40,22200.0,0,No,0.3114
LN-2983,89500,12,17.81,58,54600.0,false,TRUE,0.5806
LN-2984,84000,24,16.13,21,34900.0,No,No,0.0247
LN-2985,91300,18,12.63,30,45200.0,yes,Y,0.9742
LN-2986,68200,18,15.19,44,42300.0,false,,0.1494
LN-2987,74500,24,25.76,52,45900.0,Y,true,0.6208
LN-2988,72800,18,17.15,31,35300.0,N,1,0.4216
LN-2989,84900,12,17.68,23,27200.0,No,0,0.1864
LN-2990,48600,18,15.97,22,13200.0,No,0,0.1846
LN-2991,73000,18,16.53,36,48000.0,no,no,0.1037
LN-2992,90300,36,17.84,59,40700.0,0,Y,0.5989
LN-2993,83900,18,16.63,22,35400.0,TRUE,FALSE,0.2085
LN-2994,49000,12,16.9,43,40800.0,false,No,0.1509
LN-2995,67600,24,15.65,38,11700.0,No,No,0.2353
LN-2996,89700,18,16.14,23,41900.0,1,yes,0.65
LN-2997,31400,24,19.44,59,41100.0,N,FALSE,0.0616
LN-2998,67700,12,15.16,60,41900.0,no,N,0.0457
LN-2999,73300,12,10.45,26,56300.0,no,N,0.2409
LN-3000,79300,36,13.82,24,24700.0,N,No,0.2987
LN-3001,84000,18,16.28,61,47700.0,no,Yes,0.341
LN-3002,96700,36,15.88,49,52800.0,no,yes,0.397
LN-3003,52000,12,19.35,35,29800.0,FALSE,N,0.0946
LN-3004,92500,18,14.57,29,51900.0,no,false,0.0316
LN-3005,80000,18,14.05,60,38100.0,no,N,0.0186
LN-3006,106800,18,15.01,45,31000.0,No,No,0.0675
LN-3007,53600,18,19.94,22,33900.0,0,false,0.2607
LN-3008,39400,18,11.63,21,36000.0,no,0,0.072
LN-3009,53900,12,13.58,34,33700.0,No,no,0.3188
LN-3010,57900,18,14.62,48,17200.0,no,N,0.0865
LN-3011,89300,24,12.5,21,38600.0,0,FALSE,0.151
LN-3012,35000,36,17.77,41,35300.0,No,yes,0.4426
LN-3013,84000,18,15.08,,not disclosed,FALSE,FALSE,0.1903
LN-3014,66000,24,15.32,33,32600.0,no,0,0.1622
LN-3015,88800,24,17.59,47,32600.0,FALSE,FALSE,0.083
LN-3016,42000,24,14.91,53,25400.0,FALSE,FALSE,0.2552
LN-3017,65000,12,12.34,33,46800.0,No,yes,0.496
LN-3018,70600,24,12.21,40,41300.0,No,no,0.0717
LN-3019,61200,12,15.21,37,32100.0,no,false,0.2161
LN-3020,74600,12,13.82,26,25500.0,FALSE,yes,0.4257
LN-3021,74800,36,14.14,34,15500.0,no,yes,0.4607
LN-3022,59200,24,15.45,29,35600.0,FALSE,Yes,0.4784
LN-3023,98400,48,20.24,22,29800.0,N,Y,0.3938
LN-3024,97200,18,19.63,41,38900.0,Y,yes,0.8415
LN-3025,76200,36,10.93,22,37400.0,0,1,0.3626
LN-3026,55400,48,15.98,56,32100.0,FALSE,0,0.2841
LN-3027,59400,48,11.65,61,34500.0,No,0,0.0505
LN-3028,109600,18,11.98,48,34100.0,0,N,0.0677
LN-3029,56100,24,14.19,29,66500.0,0,TRUE,0.5813
LN-3030,115100,18,25.33,40,34000.0,TRUE,TRUE,0.8137
LN-3031,90500,18,14.88,36,41200.0,FALSE,N,0.188
LN-3032,57700,18,14.78,-1,46700.0,yes,TRUE,0.771
LN-3033,59000,24,14.82,49,37200.0,false,0,0.0981
LN-3034,37800,18,17.02,23,54200.0,FALSE,yes,0.4581
LN-3035,102600,48,16.83,24,37500.0,no,FALSE,0.1984
LN-3036,68800,24,14.7,48,28800.0,N,true,0.3773
LN-3037,49600,12,18.64,40,28000.0,false,false,0.221
LN-3038,65300,18,11.78,25,48000.0,0,TRUE,0.6412
LN-3039,110800,24,14.59,39,45100.0,Y,TRUE,0.3855
LN-3040,52400,18,13.42,40,60100.0,No,no,0.1594
LN-3041,"Rs 96,200",12,9.72,34,25800.0,N,No,0.027
LN-3042,40600,18,18.76,41,29000.0,TRUE,Y,0.9577
LN-3043,61700,18,15.81,36,22500.0,0,TRUE,0.4247
LN-3044,66300,12,15.63,48,58200.0,no,No,0.1531
LN-3045,101800,24,16.25,24,60000.0,FALSE,yes,0.5606
LN-3046,79700,12,20.4,59,38500.0,N,Y,0.4485
LN-3047,103600,12,19.07,43,21200.0,true,yes,0.635
LN-3048,79700,36,14.97,21,24300.0,No,N,0.2361
LN-3049,71400,36,15.52,53,29100.0,No,No,0.2607
LN-3050,114900,12,9.48,53,43000.0,N,TRUE,0.6246
LN-3051,89100,18,14.33,55,45100.0,N,FALSE,0.2375
LN-3052,"Rs 20,800",18,18.34,27,27400.0,false,false,0.1679
LN-3053,61900,48,17.26,60,48300.0,N,No,0.1743
LN-3054,60100,18,15.44,40,30700.0,N,No,0.2012
LN-3055,88800,12,14.99,31,29700.0,0,0,0.1677
LN-3056,55400,24,11.74,33,34000.0,No,FALSE,0.2937
LN-3057,98000,18,16.7,57,26100.0,false,TRUE,0.435
LN-3058,71700,24,13.91,60,37700.0,N,0,0.0625
LN-3059,40000,24,15.31,31,35700.0,N,1,0.3354
LN-3060,75600,12,16.14,30,28800.0,No,No,0.1847
LN-3061,31300,24,17.87,39,39900.0,0,N,0.144
LN-3062,72500,18,15.12,52,29500.0,N,N,0.2079
LN-3063,90400,24,14.36,33,-1,N,Yes,0.3268
LN-3064,55300,12,12.34,58,35900.0,N,0,0.0764
LN-3065,58000,24,16.24,32,24600.0,false,no,0.1924
LN-3066,58900,18,16.78,42,34800.0,No,false,0.1664
LN-3067,63100,12,14.54,25,24100.0,No,N,0.0069
LN-3068,49000,24,13.94,30,39500.0,FALSE,false,0.1016
LN-3069,80400,18,11.22,24,30300.0,N,false,0.1932
LN-3070,"Rs 66,400",18,17.37,36,43000.0,no,false,0.0867
LN-3071,"Rs 70,500",36,15.64,57,37700.0,no,yes,0.3843
LN-3072,76700,36,16.1,47,41500.0,FALSE,Y,0.4381
LN-3073,79500,24,14.46,37,20300.0,false,Y,0.392
LN-3074,54700,24,16.46,28,27000.0,Yes,TRUE,0.6361
LN-3075,114700,18,20.33,60,33600.0,TRUE,1,0.925
LN-3076,"Rs 85,200",18,18.67,34,52600.0,N,FALSE,0.1131
LN-3077,95100,36,14.93,24,29000.0,N,No,0.0885
LN-3078,80200,24,13.53,43,83300.0,N,0,0.287
LN-3079,80500,12,14.69,42,26500.0,Y,yes,0.568
LN-3080,84100,48,16.96,26,42100.0,FALSE,No,0.2593
LN-3081,80900,24,16.83,54,26800.0,FALSE,no,0.1192
LN-3082,"Rs 34,800",36,17.38,32,38300.0,false,N,0.221
LN-3083,86800,18,13.94,53,39500.0,no,N,0.1499
LN-3084,92800,36,14.23,47,34400.0,no,Y,0.6695
LN-3085,22900,24,15.05,61,,no,no,0.1134
LN-3086,56000,24,17.07,24,13200.0,No,0,0.163
LN-3087,101900,18,12.92,40,26600.0,no,no,0.0819
LN-3088,63900,12,14.5,31,29900.0,No,No,0.1092
LN-3089,62700,18,13.03,27,26500.0,no,N,0.1547
LN-3090,45000,24,15.94,22,26400.0,0,FALSE,0.1767
LN-3091,96800,18,24.97,33,33000.0,true,TRUE,0.8664
LN-3092,52500,18,15.84,49,20500.0,FALSE,no,0.1598
LN-3093,28300,12,14.07,38,25700.0,N,1,0.4267
LN-3094,100100,24,13.89,-1,28700.0,N,1,0.6302
LN-3095,79400,24,15.96,29,31800.0,0,false,0.2024
LN-3096,74700,24,15.13,-1,-1,no,false,0.3076
LN-3097,40300,24,14.18,40,41700.0,No,true,0.597
LN-3098,74800,24,17.47,50,54700.0,1,true,0.5883
LN-3099,82100,36,17.42,39,44400.0,false,0,0.2651
LN-3100,92100,48,22.42,36,22100.0,true,true,0.7709
LN-3101,94900,18,19.46,36,38000.0,TRUE,TRUE,0.6785
LN-3102,53400,24,13.47,50,47400.0,no,0,0.0468
LN-3103,43300,24,13.6,33,16900.0,No,false,0.0472
LN-3104,23200,24,13.37,37,36100.0,FALSE,0,0.2559
LN-3105,67400,24,16.25,23,40000.0,0,No,0.0924
LN-3106,69900,24,17.57,37,38300.0,0,FALSE,0.0516
LN-3107,67500,18,15.21,34,37800.0,FALSE,1,0.4149
LN-3108,65700,18,13.29,35,44000.0,0,0,0.1296
LN-3109,100600,12,18.21,40,40500.0,FALSE,FALSE,0.0499
LN-3110,89600,48,11.76,22,44600.0,N,No,0.1664
LN-3111,93000,48,12.35,57,35100.0,0,0,0.0357
LN-3112,41400,24,14.65,37,36200.0,FALSE,false,0.2082
LN-3113,46200,18,14.71,52,32400.0,N,N,0.1483
LN-3114,59400,12,15.02,42,45000.0,false,0,0.1081
LN-3115,80600,12,15.71,60,43200.0,no,1,0.5113
LN-3116,105700,12,11.87,34,29200.0,false,N,0.1469
LN-3117,82500,18,14.34,52,45300.0,false,yes,0.3273
LN-3118,75700,18,16.64,33,47400.0,false,0,0.2276
LN-3119,59100,48,15.63,-1,39500.0,N,TRUE,0.4789
LN-3120,39300,18,12.72,24,52900.0,No,N,0.212
LN-3121,146700,18,11.84,37,23100.0,FALSE,true,0.4458
LN-3122,84000,48,15.07,37,10000.0,,FALSE,0.2588
LN-3123,97400,12,16.16,-1,32900.0,N,FALSE,0.0704
LN-3124,69000,18,15.69,31,38800.0,FALSE,no,0.0453
LN-3125,25700,18,10.99,21,10000.0,FALSE,0,0.2439
LN-3126,76300,12,15.22,51,30700.0,0,yes,0.3269
LN-3127,26600,24,15.37,,32300.0,N,Y,0.3837
LN-3128,63300,24,16.98,32,41400.0,N,no,0.1677
LN-3129,"Rs 58,000",18,14.96,60,42100.0,FALSE,No,0.0778
LN-3130,94900,24,14.81,21,39800.0,0,no,0.0162
LN-3131,74900,12,15.96,36,30700.0,no,0,0.2412
LN-3132,69200,18,14.01,58,54100.0,false,No,0.2377
LN-3133,59500,12,12.86,41,42400.0,No,no,0.0881
LN-3134,71000,24,12.62,53,-1,No,false,0.0614
LN-3135,94800,24,12.84,56,35100.0,FALSE,Yes,0.5339
LN-3136,84100,24,18.24,30,18100.0,,no,0.0639
LN-3137,25900,12,17.14,44,35900.0,Yes,yes,0.6494
LN-3138,64000,12,16.69,41,53800.0,0,Yes,0.5687
LN-3139,65400,18,18.0,36,37700.0,no,No,0.3025
LN-3140,118300,48,13.48,53,45100.0,no,No,0.2504
LN-3141,41800,36,15.5,41,,FALSE,no,0.0936
LN-3142,83200,18,15.52,59,22300.0,false,No,0.0781
LN-3143,88200,18,13.36,47,22000.0,no,1,0.552
LN-3144,28700,36,14.4,41,35600.0,No,N,0.261
LN-3145,91700,36,17.91,57,55900.0,TRUE,1,0.6636
LN-3146,50100,18,16.85,56,30100.0,FALSE,no,0.2118
LN-3147,95200,12,14.08,29,35000.0,0,0,0.1389
LN-3148,33600,24,17.75,,34500.0,FALSE,true,0.328
LN-3149,99000,24,14.55,36,26000.0,no,1,0.5809
LN-3150,77400,36,15.36,27,25500.0,no,true,0.4841
LN-3151,100500,18,16.13,54,20800.0,no,,0.4581
LN-3152,78700,18,14.2,26,27200.0,N,no,0.0844
LN-3153,52100,12,14.38,26,42600.0,No,false,0.2031
LN-3154,86800,24,14.72,55,31700.0,No,0,0.2943
LN-3155,51000,18,14.21,39,25400.0,no,true,0.4891
LN-3156,46400,18,13.1,22,39200.0,,FALSE,0.0574
LN-3157,80500,36,19.85,28,18700.0,false,false,0.023
LN-3158,65400,36,14.34,35,24300.0,no,no,0.2571
LN-3159,94300,12,14.55,53,17500.0,N,FALSE,0.0496
LN-3160,128900,12,12.45,40,26500.0,Y,Y,0.9387
LN-3161,88700,18,11.2,52,35800.0,N,false,0.0434
LN-3162,69800,24,14.02,37,57400.0,0,,0.2258
LN-3163,104000,12,14.43,42,44900.0,0,1,0.3896
LN-3164,82200,18,13.08,40,37500.0,FALSE,false,0.0627
LN-3165,78000,24,17.41,61,49000.0,N,N,0.0164
LN-3166,59700,12,13.54,61,48700.0,0,N,0.1845
LN-3167,83200,24,16.0,60,58200.0,No,0,0.143
LN-3168,83800,12,19.78,42,59900.0,Y,yes,0.8011
LN-3169,95600,24,21.4,37,24400.0,true,true,0.5182
LN-3170,83300,18,14.12,23,53300.0,N,No,0.259
LN-3171,80900,36,15.29,40,43100.0,0,yes,0.6028
LN-3172,60700,18,17.93,47,40200.0,N,N,0.132
LN-3173,99800,12,12.49,29,52700.0,0,Yes,0.5046
LN-3174,71200,36,11.39,40,23400.0,0,Yes,0.4671
LN-3175,44900,18,11.96,61,44600.0,No,,0.3858
LN-3176,68700,18,11.52,25,51400.0,false,TRUE,0.6433
LN-3177,81900,18,21.63,-1,15300.0,TRUE,yes,0.9731
LN-3178,71800,18,18.32,29,35200.0,No,true,0.4427
LN-3179,96500,48,16.08,55,-1,0,TRUE,0.7005
LN-3180,57900,48,17.3,,49800.0,No,N,0.0661
LN-3181,47100,18,15.43,42,47100.0,No,false,0.0595
LN-3182,100700,18,16.71,55,42900.0,Yes,TRUE,0.5395
LN-3183,"Rs 78,700",48,15.74,36,36000.0,N,N,0.3166
LN-3184,78900,24,15.64,32,39900.0,,1,0.3945
LN-3185,113500,48,19.59,-1,22300.0,1,Yes,0.6773
LN-3186,80700,24,17.11,48,23700.0,false,false,0.1825
LN-3187,41200,48,16.43,24,49900.0,no,no,0.1531
LN-3188,76200,24,17.34,-1,10100.0,no,yes,0.597
LN-3189,131500,48,17.44,28,32600.0,no,false,0.2234
LN-3190,70900,18,15.01,50,33000.0,No,No,0.2528
LN-3191,"Rs 69,300",18,15.6,36,23700.0,No,1,0.6226
LN-3192,61300,18,12.4,47,18600.0,N,N,0.2313
LN-3193,57500,48,17.81,51,23200.0,No,No,0.0063
LN-3194,101600,24,17.61,25,43100.0,1,Yes,0.686
LN-3195,88200,12,17.76,32,46600.0,false,false,0.1776
LN-3196,63800,18,11.19,54,33200.0,0,false,0.2611
LN-3197,68400,48,12.59,26,35100.0,FALSE,N,0.1323
LN-3198,52500,24,13.02,36,33900.0,FALSE,no,0.1359
LN-3199,83900,24,14.6,21,51600.0,false,Yes,0.3396
LN-3200,81500,48,15.55,27,20200.0,false,No,0.0843
LN-3201,76100,36,13.64,49,29400.0,No,false,0.2966
LN-3202,102100,36,18.14,22,19600.0,yes,TRUE,0.947
LN-3203,"Rs 59,100",18,15.95,59,35800.0,0,Yes,0.3504
LN-3204,94000,12,14.06,26,22300.0,no,1,0.6371
LN-3205,88000,18,13.76,55,34500.0,0,N,0.0046
LN-3206,106300,12,14.58,45,54100.0,FALSE,1,0.5352
LN-3207,99400,12,17.64,30,39200.0,N,No,0.2364
LN-3208,74500,18,15.98,29,45000.0,,FALSE,0.161
LN-3209,77400,18,17.81,55,34200.0,FALSE,No,0.1264
LN-3210,94200,36,13.73,52,50800.0,N,FALSE,0.1766
LN-3211,26700,24,13.33,29,43200.0,no,Y,0.3799
LN-3212,92400,24,18.77,38,31200.0,false,true,0.3383
LN-3213,150800,24,20.45,-1,58100.0,Yes,true,0.6067
LN-3214,75600,18,18.5,38,42500.0,0,0,0.1904
LN-3215,55200,18,12.36,56,46500.0,FALSE,true,0.4564
LN-3216,126400,12,13.89,51,20400.0,FALSE,TRUE,0.3926
LN-3217,39200,24,14.4,55,,no,No,0.2608
LN-3218,87900,24,13.43,51,11800.0,false,Y,0.4243
LN-3219,"Rs 55,000",18,15.08,34,18400.0,N,false,0.035
LN-3220,71100,18,16.54,21,13500.0,FALSE,false,0.299
LN-3221,86000,18,13.45,45,36200.0,FALSE,TRUE,0.834
LN-3222,74700,24,15.31,40,47800.0,false,No,0.1668
LN-3223,43700,18,14.92,58,50700.0,false,No,0.0503
LN-3224,61600,18,16.64,33,35800.0,N,No,0.2059
LN-3225,84900,18,11.62,46,22100.0,FALSE,TRUE,0.6517
LN-3226,93100,18,14.14,61,24600.0,0,no,0.2583
LN-3227,44600,12,12.8,41,,No,yes,0.3558
LN-3228,75800,24,14.63,22,51100.0,N,Y,0.3367
LN-3229,65500,24,14.3,-1,10000.0,N,true,0.6057
LN-3230,108600,36,13.3,24,37700.0,N,Yes,0.5518
LN-3231,68000,48,16.47,55,39400.0,N,no,0.0498
LN-3232,57000,24,16.01,54,22100.0,false,1,0.5681
LN-3233,71300,48,15.82,40,49900.0,FALSE,No,0.3151
LN-3234,51600,36,18.55,59,30600.0,Yes,yes,0.3467
LN-3235,57900,24,15.79,58,33500.0,no,FALSE,0.2431
LN-3236,128800,18,18.45,26,,Yes,TRUE,0.7759
LN-3237,73500,18,14.34,46,32900.0,false,N,0.1942
LN-3238,67900,18,16.47,35,46100.0,false,TRUE,0.4155
LN-3239,70000,18,20.06,40,34600.0,N,N,0.1343
LN-3240,"Rs 73,800",24,17.59,51,31700.0,No,no,0.0169
LN-3241,80500,24,16.57,25,28300.0,no,Y,0.4075
LN-3242,79300,24,14.6,22,50700.0,no,N,0.2586
LN-3243,"Rs 41,100",24,13.9,55,34200.0,FALSE,yes,0.5462
LN-3244,91000,18,18.05,48,31600.0,FALSE,N,0.2157
LN-3245,73400,12,18.18,60,23900.0,no,yes,0.3976
LN-3246,95600,24,20.36,34,35000.0,yes,TRUE,0.9537
LN-3247,50000,18,16.06,44,44300.0,false,0,0.1643
LN-3248,92700,12,12.77,56,59400.0,no,false,0.2248
LN-3249,44300,24,21.26,25,38800.0,,TRUE,0.5674
LN-3250,53100,18,14.98,32,25800.0,FALSE,N,0.1358
LN-3251,20800,24,18.42,56,45500.0,false,Y,0.353
LN-3252,88500,18,17.15,46,45000.0,N,no,0.1152
LN-3253,56600,24,13.87,27,48100.0,0,no,0.0952
LN-3254,57200,24,15.13,29,43000.0,no,no,0.1174
LN-3255,64800,36,14.79,57,35000.0,no,no,0.1791
LN-3256,84600,24,13.14,29,50200.0,FALSE,No,0.0308
LN-3257,44400,18,13.43,46,36800.0,No,false,0.1072
LN-3258,93400,12,14.54,49,29200.0,false,No,0.109
LN-3259,37900,24,14.51,40,34300.0,0,No,0.0309
LN-3260,75000,24,16.84,36,25500.0,no,Yes,0.4071
LN-3261,89900,24,15.53,42,50100.0,false,0,0.2312
LN-3262,31800,24,11.56,28,20500.0,false,TRUE,0.3823
LN-3263,47500,24,16.97,54,31100.0,0,N,0.2261
LN-3264,107100,18,18.06,25,16500.0,true,1,0.9182
LN-3265,49200,18,15.34,60,13800.0,no,no,0.2237
LN-3266,68800,24,14.03,51,49200.0,No,1,0.4945
LN-3267,90100,12,15.36,61,35100.0,No,false,0.3074
LN-3268,87200,24,16.17,,31300.0,FALSE,yes,0.3457
LN-3269,83700,36,13.36,54,39700.0,false,1,0.4386
LN-3270,85400,18,17.22,23,37500.0,false,FALSE,0.1927
LN-3271,62800,12,14.07,26,17800.0,false,0,0.1204
LN-3272,76100,24,16.01,21,16600.0,FALSE,N,0.051
LN-3273,66300,24,14.55,57,39400.0,false,false,0.2681
LN-3274,97200,18,15.14,53,24000.0,FALSE,Yes,0.478
LN-3275,47800,18,17.31,42,33700.0,false,N,0.2871
LN-3276,86400,18,14.97,-1,30000.0,no,no,0.2556
LN-3277,82500,36,16.47,55,49700.0,FALSE,N,0.3196
LN-3278,41500,24,13.7,58,28400.0,N,TRUE,0.475
LN-3279,65600,24,16.56,35,54300.0,,1,0.3956
LN-3280,66500,18,16.05,43,37400.0,N,false,0.0909
LN-3281,73400,18,16.02,52,10000.0,No,false,0.1913
LN-3282,66200,36,15.56,27,29000.0,false,No,0.3093
LN-3283,72300,18,13.16,56,23000.0,N,false,0.2309
LN-3284,73900,12,14.52,-1,31000.0,N,0,0.1346
LN-3285,65200,18,15.4,38,21900.0,0,TRUE,0.3314
LN-3286,104500,18,20.15,43,41100.0,true,true,0.6739
LN-3287,"Rs 57,500",24,16.63,55,33900.0,no,TRUE,0.5802
LN-3288,97300,24,15.26,56,32700.0,N,0,0.1647
LN-3289,87000,18,14.23,55,21800.0,N,false,0.013
LN-3290,99300,18,15.82,51,38900.0,0,1,0.5746
LN-3291,27400,36,15.34,45,-1,No,Yes,0.4273
LN-3292,111800,24,17.0,47,10000.0,no,no,0.1364
LN-3293,47800,12,11.38,51,12000.0,N,yes,0.4652
LN-3294,94100,12,14.9,60,32600.0,false,No,0.2602
LN-3295,"Rs 27,200",24,12.78,-1,26900.0,FALSE,0,0.2267
LN-3296,22000,48,14.58,39,24300.0,false,false,0.034
LN-3297,63100,12,14.31,33,37400.0,false,no,0.165
LN-3298,100100,48,15.21,26,22300.0,No,0,0.1871
LN-3299,97100,24,16.81,34,,no,TRUE,0.4072
LN-3300,123100,18,21.67,58,53400.0,true,TRUE,0.4979
LN-3301,103800,18,14.72,40,18800.0,FALSE,FALSE,0.2761
LN-3302,67700,18,14.96,47,29900.0,no,N,0.1498
LN-3303,46400,24,16.57,33,64100.0,N,no,0.2801
LN-3304,51100,18,14.04,58,26300.0,No,false,0.1227
LN-3305,74500,18,17.87,43,35100.0,false,false,0.1765
LN-3306,112700,24,15.94,58,22500.0,no,FALSE,0.0351
LN-3307,44300,36,13.52,58,33300.0,0,no,0.2604
LN-3308,63600,12,16.31,42,37300.0,FALSE,No,0.1128
LN-3309,131100,12,19.0,46,20600.0,Yes,true,0.8956
LN-3310,50200,12,13.18,26,36400.0,No,yes,0.5216
LN-3311,99400,18,10.47,,43700.0,no,No,0.3059
LN-3312,55800,24,16.25,,21200.0,N,Y,0.3318
LN-3313,63400,18,12.08,34,33900.0,0,false,0.2236
LN-3314,54200,24,14.14,23,27700.0,No,Yes,0.6103
LN-3315,72100,12,21.63,53,46500.0,TRUE,Y,0.7947
LN-3316,76400,18,13.27,-1,34900.0,FALSE,FALSE,0.1134
LN-3317,91200,48,17.81,48,46600.0,no,N,0.0674
LN-3318,30400,12,16.43,46,10000.0,0,0,0.178
LN-3319,62000,18,16.9,34,10000.0,N,FALSE,0.0432
LN-3320,99800,18,18.77,51,40400.0,false,N,0.0721
LN-3321,82300,24,15.09,43,39800.0,FALSE,true,0.4007
LN-3322,47900,18,17.05,45,56000.0,0,no,0.008
LN-3323,70100,24,19.73,24,39300.0,N,0,0.0202
LN-3324,71600,36,15.95,50,44100.0,No,false,0.1636
LN-3325,"Rs 51,300",24,16.22,28,31400.0,N,No,0.2156
LN-3326,110700,18,15.82,40,,Y,Yes,0.8729
LN-3327,"Rs 57,500",24,14.82,51,31800.0,no,true,0.4096
LN-3328,84000,18,12.29,32,41400.0,No,TRUE,0.3747
LN-3329,32500,12,15.71,36,53000.0,0,false,0.2102
LN-3330,38300,24,20.68,22,54600.0,true,Yes,0.8241
LN-3331,101500,12,17.35,51,39200.0,no,true,0.3845
LN-3332,83000,12,16.68,33,38200.0,FALSE,N,0.0214
LN-3333,79100,18,17.17,58,33600.0,false,No,0.2905
LN-3334,95200,12,17.35,21,20600.0,false,0,0.0962
LN-3335,57700,48,14.24,53,23600.0,no,true,0.4681
LN-3336,46700,12,12.36,40,31700.0,no,TRUE,0.6519
LN-3337,"Rs 56,500",48,15.57,28,39600.0,N,no,0.1552
LN-3338,64100,24,15.89,51,28600.0,No,0,0.1278
LN-3339,72900,24,14.4,48,69600.0,FALSE,no,0.23
LN-3340,86500,18,18.99,23,27100.0,N,yes,0.6186
LN-3341,77200,36,16.43,53,,FALSE,1,0.4003
LN-3342,60200,24,14.28,48,10000.0,FALSE,FALSE,0.2103
LN-3343,45400,48,17.65,,68400.0,no,FALSE,0.2863
LN-3344,117400,24,17.25,27,25800.0,FALSE,yes,0.434
LN-3345,74700,12,12.76,61,50500.0,FALSE,FALSE,0.0833
LN-3346,122000,18,13.09,33,42100.0,false,false,0.273
LN-3347,75000,24,12.85,51,62300.0,FALSE,Y,0.323
LN-3348,69800,24,13.82,25,32700.0,false,No,0.2339
LN-3349,78000,12,17.52,-1,38500.0,0,Y,0.4381
LN-3350,95800,18,15.86,50,25900.0,Y,TRUE,0.8303
LN-3351,83900,48,12.0,41,27800.0,No,yes,0.3231
LN-3352,114100,48,13.65,59,49000.0,N,yes,0.4355
LN-3353,"Rs 87,600",24,18.33,33,22300.0,FALSE,,0.2739
LN-3354,100800,18,12.48,24,38800.0,N,no,0.118
LN-3355,96300,24,11.93,60,23100.0,No,No,0.033
LN-3356,76200,12,14.61,53,,N,FALSE,0.0909
LN-3357,81600,18,16.09,34,35400.0,0,FALSE,0.2352
LN-3358,85300,18,13.1,30,38400.0,false,no,0.2423
LN-3359,93000,12,15.26,29,38400.0,0,yes,0.4091
LN-3360,91400,48,13.42,39,37800.0,no,false,0.0712
LN-3361,69600,24,19.41,40,46100.0,FALSE,0,0.0552
LN-3362,50700,18,12.3,,41700.0,0,0,0.1683
LN-3363,126300,18,12.75,49,17300.0,no,TRUE,0.511
LN-3364,82500,24,19.38,23,44200.0,1,Y,0.8155
LN-3365,87500,36,16.39,36,52100.0,0,false,0.1037
LN-3366,58900,18,16.38,33,20400.0,false,No,0.262
LN-3367,"Rs 90,900",36,16.55,56,-1,0,FALSE,0.155
LN-3368,"Rs 98,600",18,17.06,45,35400.0,N,1,0.4906
LN-3369,104300,24,14.54,27,49300.0,false,TRUE,0.3536
LN-3370,107200,12,13.38,43,10000.0,false,no,0.1759
LN-3371,54900,18,19.21,21,17800.0,0,1,0.3801
LN-3372,113700,48,12.67,21,51500.0,No,Y,0.4903
LN-3373,69800,18,14.36,46,27600.0,N,0,0.1312
LN-3374,52600,24,19.24,37,28700.0,,1,0.5169
LN-3375,54900,36,14.35,45,36400.0,false,FALSE,0.0472
LN-3376,87600,18,16.05,-1,45800.0,false,false,0.0893
LN-3377,102000,18,10.9,45,25500.0,0,0,0.1711
LN-3378,80400,24,13.07,60,40200.0,N,no,0.286
LN-3379,"Rs 57,900",24,14.53,60,35300.0,N,Yes,0.4333
LN-3380,102800,24,16.26,38,42700.0,No,No,0.1734
LN-3381,60600,18,15.36,33,29400.0,0,no,0.2099
LN-3382,57600,18,13.2,21,31600.0,N,Yes,0.6947
LN-3383,81300,18,11.07,41,28900.0,no,0,0.2295
LN-3384,49400,36,17.58,53,34900.0,no,FALSE,0.288
LN-3385,64900,36,16.57,27,42900.0,FALSE,N,0.0809
LN-3386,104900,18,15.69,59,44100.0,FALSE,Y,0.4153
LN-3387,76700,12,15.28,29,45000.0,N,Y,0.5344
LN-3388,41200,48,11.58,41,46800.0,No,1,0.5238
LN-3389,"Rs 49,100",24,16.69,31,21800.0,false,true,0.465
LN-3390,103500,18,12.85,38,41700.0,no,FALSE,0.144
LN-3391,70400,18,15.18,37,39200.0,no,No,0.2261
LN-3392,91600,18,13.11,58,35700.0,false,true,0.3381
LN-3393,76000,18,16.09,37,36500.0,no,FALSE,0.2025
LN-3394,88200,12,12.78,53,54700.0,N,false,0.168
LN-3395,39000,18,17.72,32,42700.0,false,0,0.2338
LN-3396,121100,12,18.74,54,38200.0,Y,1,0.4927
LN-3397,47300,12,18.0,50,30700.0,0,no,0.1292
LN-3398,55700,24,14.98,52,35600.0,no,yes,0.3331
LN-3399,67000,24,17.38,53,44500.0,TRUE,1,0.7527
